,yield,MAXssssC_x,MINssssC_x,MDEC-34_y,MAXsF_x,MINsF_x,MDEC-13_y,MINaaS_x,MAXaaS_x,GGI1_y,MAXssssC_y,MINssssC_y,ETA_eta_BR_y,AATSC0d_y,mZagreb1_y,ETA_eta_B_y,GATS5Z_x,ATSC4Z_y,ATSC4m_y,Xc-3d_y,ATSC2v_y,AATSC2v_y,MATS2Z_x,C4SP3_y,MATS2v_y,ATSC2m_y,Xc-6dv_y,ATSC2Z_y,GATS3p_y,ATSC4dv_y,MDEC-11_y,NsCH3_y,ATSC2p_y,Xc-4dv_y,Xc-3dv_y,MIC1_x,SsCH3_y,ATSC2i_y,AATSC1d_y,MATS2p_y,AATSC2p_y,PEOE_VSA8_y,AETA_eta_BR_y,GATS3i_y,MATS2i_y,AATSC2i_y,JGT10_y,BCUTd-1h_y,ATSC7d_y,MIC2_x
0,81.0,,,,,,,,,-0.3712573463636808,,,-0.5334069214120882,0.5017242047753011,-0.7352585558133757,-0.0930137237498286,-0.9330409891363706,-0.7469681344108647,-0.745155668364671,-0.5705787103243122,-0.7175430475690526,-0.8723181665782656,-1.0159372919832852,-0.5773502691896258,-0.8978970954121761,-0.5695327115914115,-0.5822002134108877,-0.5613250240464474,0.0575941439399234,-0.8036490007543358,,-0.9592158333821706,-0.4504929173658401,-0.5943225179210394,-0.529205968366265,-0.9329128857739803,-0.9022944680802586,-0.6119681087839567,-1.5282189633077217,-0.4481959054838935,-0.4699435734099274,-0.7363667536415281,0.2276032472260759,0.181808602718161,-0.831111068966018,-0.8095174625363377,0.5063280734108818,-0.6811097044224986,-0.5874511502556145,-0.869562740380428
1,14.0,,,,,,,,,-0.3712573463636808,,,-0.5334069214120882,0.5017242047753011,-0.7352585558133757,-0.0930137237498286,-0.9330409891363706,-0.7469681344108647,-0.745155668364671,-0.5705787103243122,-0.7175430475690526,-0.8723181665782656,-1.0159372919832852,-0.5773502691896258,-0.8978970954121761,-0.5695327115914115,-0.5822002134108877,-0.5613250240464474,0.0575941439399234,-0.8036490007543358,,-0.9592158333821706,-0.4504929173658401,-0.5943225179210394,-0.529205968366265,-0.9329128857739803,-0.9022944680802586,-0.6119681087839567,-1.5282189633077217,-0.4481959054838935,-0.4699435734099274,-0.7363667536415281,0.2276032472260759,0.181808602718161,-0.831111068966018,-0.8095174625363377,0.5063280734108818,-0.6811097044224986,-0.5874511502556145,-0.869562740380428
2,74.0,,,,,,-1.2192656125671792,,,-0.3712573463636808,,,-0.5334069214120882,-0.0635372990871959,-0.7352585558133757,-0.0930137237498286,-0.9330409891363706,-0.1631337698691835,-0.1707524843678769,-0.5705787103243122,-0.2167035756028407,-0.0640384345930802,-1.0159372919832852,-0.5773502691896258,-0.0615250668159588,0.1061503041493162,-0.5822002134108877,0.1357707904951177,0.8379321555860876,-0.2238587936399396,,-0.269958947119533,-0.159605241991744,-0.5943225179210394,-0.5727485084895779,-0.9329128857739803,-0.2288294229322015,-0.0643343131383803,-0.2836922565077694,-0.0421323831254464,-0.0332870664500307,-1.8647515566903248,0.2276032472260759,0.7795917942153003,0.0486076977628661,0.0675681115779069,0.5063280734108818,-0.6811097044224986,-0.1032603013636343,-0.869562740380428
3,15.0,,,,,,-1.2192656125671792,,,-0.3712573463636808,,,-0.5334069214120882,-0.0635372990871959,-0.7352585558133757,-0.0930137237498286,-0.9330409891363706,-0.1631337698691835,-0.1707524843678769,-0.5705787103243122,-0.2167035756028407,-0.0640384345930802,-1.0159372919832852,-0.5773502691896258,-0.0615250668159588,0.1061503041493162,-0.5822002134108877,0.1357707904951177,0.8379321555860876,-0.2238587936399396,,-0.269958947119533,-0.159605241991744,-0.5943225179210394,-0.5727485084895779,-0.9329128857739803,-0.2288294229322015,-0.0643343131383803,-0.2836922565077694,-0.0421323831254464,-0.0332870664500307,-1.8647515566903248,0.2276032472260759,0.7795917942153003,0.0486076977628661,0.0675681115779069,0.5063280734108818,-0.6811097044224986,-0.1032603013636343,-0.869562740380428
4,90.0,,,,,,-1.5483774151904244,,,-0.3712573463636808,,,-0.822207077385297,-0.3440209161577104,-0.4929595893971509,-0.3178787071287834,-0.9330409891363706,-1.185779369407654,-1.2131446787779312,-0.7282389912909804,0.0089807065849771,0.2402637391478098,-1.0159372919832852,-0.5773502691896258,0.2822966271569814,-0.1857698470097878,-0.5822002134108877,-0.1923863300123229,0.258574057653736,-0.6171816665302979,,-0.269958947119533,0.178305795113195,-0.5943225179210394,-0.7652451795950173,-0.9329128857739803,-0.3585262760654654,0.2642283550872974,0.1298728269535078,0.4207678747726934,0.4169091771597852,-0.5018799699576513,-0.3242440406196054,0.3216647006203341,0.4820131321841832,0.4980448074285908,0.2737435265368301,-0.6809957067147355,-0.9576907219750764,-0.869562740380428
5,81.0,,,,,,-1.5483774151904244,,,-0.3712573463636808,,,-0.822207077385297,-0.3440209161577104,-0.4929595893971509,-0.3178787071287834,-0.9330409891363706,-1.185779369407654,-1.2131446787779312,-0.7282389912909804,0.0089807065849771,0.2402637391478098,-1.0159372919832852,-0.5773502691896258,0.2822966271569814,-0.1857698470097878,-0.5822002134108877,-0.1923863300123229,0.258574057653736,-0.6171816665302979,,-0.269958947119533,0.178305795113195,-0.5943225179210394,-0.7652451795950173,-0.9329128857739803,-0.3585262760654654,0.2642283550872974,0.1298728269535078,0.4207678747726934,0.4169091771597852,-0.5018799699576513,-0.3242440406196054,0.3216647006203341,0.4820131321841832,0.4980448074285908,0.2737435265368301,-0.6809957067147355,-0.9576907219750764,-0.869562740380428
6,43.0,,,,,,-1.5483774151904244,,,-0.3712573463636808,,,-0.822207077385297,-0.3440209161577104,-0.4929595893971509,-0.3178787071287834,-0.9330409891363706,-1.185779369407654,-1.2131446787779312,-0.7282389912909804,0.0089807065849771,0.2402637391478098,-1.0159372919832852,-0.5773502691896258,0.2822966271569814,-0.1857698470097878,-0.5822002134108877,-0.1923863300123229,0.258574057653736,-0.6171816665302979,,-0.269958947119533,0.178305795113195,-0.5943225179210394,-0.7652451795950173,-0.9329128857739803,-0.3585262760654654,0.2642283550872974,0.1298728269535078,0.4207678747726934,0.4169091771597852,-0.5018799699576513,-0.3242440406196054,0.3216647006203341,0.4820131321841832,0.4980448074285908,0.2737435265368301,-0.6809957067147355,-0.9576907219750764,-0.869562740380428
7,88.0,,,,,,-0.1729636545085497,,,0.0928143365909203,,,-0.4322508667804196,-0.1211709190331921,0.5839333208604315,-0.0142518045715681,-0.9330409891363706,0.1178522016611382,0.0255637692439304,-0.4640111756437078,0.8574636732026839,1.0716477960663775,-1.0159372919832852,-0.5773502691896258,1.1729512705896592,0.3480367639014094,-0.5822002134108877,0.3152553208998548,0.2738485310959856,1.240847985241717,-1.1846067775364286,0.4192979391431046,1.0308727539027127,-0.5943225179210394,-0.6691041878211763,-0.9329128857739803,0.1293656456661658,1.0649230082551178,1.3845006461232328,1.2617185402757596,1.2153023149500253,0.8609893701735346,-0.3728570154053589,0.4578449270563101,1.2452930192254814,1.2287186047956644,0.079504218655956,-0.5496133485171606,0.3456473618968226,-0.869562740380428
8,95.0,,,,,,-0.1729636545085497,,,0.0928143365909203,,,-0.4322508667804196,-0.1211709190331921,0.5839333208604315,-0.0142518045715681,-0.9330409891363706,0.1178522016611382,0.0255637692439304,-0.4640111756437078,0.8574636732026839,1.0716477960663775,-1.0159372919832852,-0.5773502691896258,1.1729512705896592,0.3480367639014094,-0.5822002134108877,0.3152553208998548,0.2738485310959856,1.240847985241717,-1.1846067775364286,0.4192979391431046,1.0308727539027127,-0.5943225179210394,-0.6691041878211763,-0.9329128857739803,0.1293656456661658,1.0649230082551178,1.3845006461232328,1.2617185402757596,1.2153023149500253,0.8609893701735346,-0.3728570154053589,0.4578449270563101,1.2452930192254814,1.2287186047956644,0.079504218655956,-0.5496133485171606,0.3456473618968226,-0.869562740380428
9,65.0,,,,,,-0.1729636545085497,,,0.0928143365909203,,,-0.4322508667804196,-0.1211709190331921,0.5839333208604315,-0.0142518045715681,-0.9330409891363706,0.1178522016611382,0.0255637692439304,-0.4640111756437078,0.8574636732026839,1.0716477960663775,-1.0159372919832852,-0.5773502691896258,1.1729512705896592,0.3480367639014094,-0.5822002134108877,0.3152553208998548,0.2738485310959856,1.240847985241717,-1.1846067775364286,0.4192979391431046,1.0308727539027127,-0.5943225179210394,-0.6691041878211763,-0.9329128857739803,0.1293656456661658,1.0649230082551178,1.3845006461232328,1.2617185402757596,1.2153023149500253,0.8609893701735346,-0.3728570154053589,0.4578449270563101,1.2452930192254814,1.2287186047956644,0.079504218655956,-0.5496133485171606,0.3456473618968226,-0.869562740380428
10,33.0,,,,,,,,,1.9491010684093248,-4.32391563601088,-4.323915636010882,0.9458578774991064,0.8206302351431471,1.1358322146046518,1.5676733534993794,-0.9330409891363706,-0.9989236171353968,-0.9135786758922848,2.078076715940325,0.8003997286336114,0.8928707409971459,-1.0159372919832852,-0.5773502691896258,0.9147034000056554,1.7230116764411612,-0.5822002134108877,1.750578459333983,1.104208210155366,-2.292547274161024,0.7345514579718297,1.7978117116683798,0.3775876543520913,1.458330568011172,1.467563972232579,-0.9329128857739803,1.5796369980426903,-2.035443149005071,-1.04139178898062,0.5175220324204769,0.4311259006422004,-1.8647515566903248,1.4213218502984633,1.4400810283711147,-1.7205777087874228,-2.001832399051698,2.091534845657382,1.642619570631179,1.488832396625181,-0.869562740380428
11,93.0,,,0.1856953381770524,,,0.4917163095737314,,,1.4850293854547236,-0.4935047561453021,-0.4935047561453019,1.6605622634917532,1.572579464791497,1.021408950704254,1.6152500499827158,-0.9330409891363706,1.4892041132951193,1.526601026611586,1.6618200096104685,0.9800640959722192,0.9724982352935948,-1.0159372919832852,1.7320508075688774,0.9226693021828865,1.422280730506852,1.7303547573151337,1.443898220457664,1.2436436080697046,0.9199210726984184,0.565670801844197,1.1085548254057422,0.7026425098822325,1.7005805341922513,1.6825247686997096,-0.9329128857739803,1.191014781046246,0.6313125824928625,0.324928789956019,0.6577395760692022,0.6863499364931788,0.752341475623781,1.7337052253106189,1.105706461587067,0.6027367912530965,0.6172437108126262,1.4304240126988976,1.6489179439851185,0.1289476647782315,-0.869562740380428
12,84.0,,,0.1856953381770524,,,0.4917163095737314,,,1.4850293854547236,-0.2175518086500624,-0.2175518086500623,1.6605622634917532,1.572579464791497,1.021408950704254,1.6152500499827158,-0.9330409891363706,1.5762309224704605,1.6074823760523107,1.6618200096104685,0.9800640959722192,0.9724982352935948,-1.0159372919832852,1.7320508075688774,0.9226693021828865,1.422280730506852,1.7303547573151337,1.443898220457664,1.2436436080697046,1.139969584391609,0.565670801844197,1.1085548254057422,0.7026425098822325,1.7005805341922513,1.6825247686997096,-0.9329128857739803,1.2132157217468291,0.6313125824928625,0.324928789956019,0.6577395760692022,0.6863499364931788,0.752341475623781,1.7337052253106189,1.105706461587067,0.6027367912530965,0.6172437108126262,1.4304240126988976,1.6489179439851185,-0.0806891929401577,-0.869562740380428
13,87.0,,,,,,-0.1729636545085497,,,0.0928143365909203,,,-0.4322508667804196,-0.1211709190331921,0.5839333208604315,-0.0142518045715681,-0.9330409891363706,0.1178522016611382,0.0255637692439304,-0.4640111756437078,0.8574636732026839,1.0716477960663775,-1.0159372919832852,-0.5773502691896258,1.1729512705896592,0.3480367639014094,-0.5822002134108877,0.3152553208998548,0.2738485310959856,1.240847985241717,-1.1846067775364286,0.4192979391431046,1.0308727539027127,-0.5943225179210394,-0.6691041878211763,-0.9329128857739803,0.1293656456661658,1.0649230082551178,1.3845006461232328,1.2617185402757596,1.2153023149500253,0.8609893701735346,-0.3728570154053589,0.4578449270563101,1.2452930192254814,1.2287186047956644,0.079504218655956,-0.5496133485171606,0.3456473618968226,-0.869562740380428
14,85.0,,,,,,-0.1729636545085497,,,0.0928143365909203,,,-0.4322508667804196,-0.1211709190331921,0.5839333208604315,-0.0142518045715681,-0.1633059077592081,0.1178522016611382,0.0255637692439304,-0.4640111756437078,0.8574636732026839,1.0716477960663775,0.8192484262254859,-0.5773502691896258,1.1729512705896592,0.3480367639014094,-0.5822002134108877,0.3152553208998548,0.2738485310959856,1.240847985241717,-1.1846067775364286,0.4192979391431046,1.0308727539027127,-0.5943225179210394,-0.6691041878211763,-0.1248241266296101,0.1293656456661658,1.0649230082551178,1.3845006461232328,1.2617185402757596,1.2153023149500253,0.8609893701735346,-0.3728570154053589,0.4578449270563101,1.2452930192254814,1.2287186047956644,0.079504218655956,-0.5496133485171606,0.3456473618968226,-0.3367193181130153
15,85.0,,,,,,-0.1729636545085497,,,0.0928143365909203,,,-0.4322508667804196,-0.1211709190331921,0.5839333208604315,-0.0142518045715681,-0.0840803037175177,0.1178522016611382,0.0255637692439304,-0.4640111756437078,0.8574636732026839,1.0716477960663775,0.8192484262254859,-0.5773502691896258,1.1729512705896592,0.3480367639014094,-0.5822002134108877,0.3152553208998548,0.2738485310959856,1.240847985241717,-1.1846067775364286,0.4192979391431046,1.0308727539027127,-0.5943225179210394,-0.6691041878211763,-0.1248241266296101,0.1293656456661658,1.0649230082551178,1.3845006461232328,1.2617185402757596,1.2153023149500253,0.8609893701735346,-0.3728570154053589,0.4578449270563101,1.2452930192254814,1.2287186047956644,0.079504218655956,-0.5496133485171606,0.3456473618968226,-0.1221593828183197
16,86.0,,,,,,-0.1729636545085497,,,0.0928143365909203,,,-0.4322508667804196,-0.1211709190331921,0.5839333208604315,-0.0142518045715681,0.2175040614055033,0.1178522016611382,0.0255637692439304,-0.4640111756437078,0.8574636732026839,1.0716477960663775,0.6054826251675923,-0.5773502691896258,1.1729512705896592,0.3480367639014094,-0.5822002134108877,0.3152553208998548,0.2738485310959856,1.240847985241717,-1.1846067775364286,0.4192979391431046,1.0308727539027127,-0.5943225179210394,-0.6691041878211763,0.3439883439314612,0.1293656456661658,1.0649230082551178,1.3845006461232328,1.2617185402757596,1.2153023149500253,0.8609893701735346,-0.3728570154053589,0.4578449270563101,1.2452930192254814,1.2287186047956644,0.079504218655956,-0.5496133485171606,0.3456473618968226,0.0920361353945687
17,84.0,,,,,,-0.1729636545085497,,,0.0928143365909203,,,-0.4322508667804196,-0.1211709190331921,0.5839333208604315,-0.0142518045715681,0.2548475734999155,0.1178522016611382,0.0255637692439304,-0.4640111756437078,0.8574636732026839,1.0716477960663775,0.6054826251675923,-0.5773502691896258,1.1729512705896592,0.3480367639014094,-0.5822002134108877,0.3152553208998548,0.2738485310959856,1.240847985241717,-1.1846067775364286,0.4192979391431046,1.0308727539027127,-0.5943225179210394,-0.6691041878211763,0.3439883439314612,0.1293656456661658,1.0649230082551178,1.3845006461232328,1.2617185402757596,1.2153023149500253,0.8609893701735346,-0.3728570154053589,0.4578449270563101,1.2452930192254814,1.2287186047956644,0.079504218655956,-0.5496133485171606,0.3456473618968226,0.2931849861712911
18,68.0,,,,,,-0.1729636545085497,,,0.0928143365909203,,,-0.4322508667804196,-0.1211709190331921,0.5839333208604315,-0.0142518045715681,0.26885139053532,0.1178522016611382,0.0255637692439304,-0.4640111756437078,0.8574636732026839,1.0716477960663775,0.6054826251675923,-0.5773502691896258,1.1729512705896592,0.3480367639014094,-0.5822002134108877,0.3152553208998548,0.2738485310959856,1.240847985241717,-1.1846067775364286,0.4192979391431046,1.0308727539027127,-0.5943225179210394,-0.6691041878211763,0.3439883439314612,0.1293656456661658,1.0649230082551178,1.3845006461232328,1.2617185402757596,1.2153023149500253,0.8609893701735346,-0.3728570154053589,0.4578449270563101,1.2452930192254814,1.2287186047956644,0.079504218655956,-0.5496133485171606,0.3456473618968226,0.2931849861712911
19,88.0,0.9999999999999998,0.9999999999999998,,,,-0.1729636545085497,,,0.0928143365909203,,,-0.4322508667804196,-0.1211709190331921,0.5839333208604315,-0.0142518045715681,0.3927913557058424,0.1178522016611382,0.0255637692439304,-0.4640111756437078,0.8574636732026839,1.0716477960663775,2.34501411263378,-0.5773502691896258,1.1729512705896592,0.3480367639014094,-0.5822002134108877,0.3152553208998548,0.2738485310959856,1.240847985241717,-1.1846067775364286,0.4192979391431046,1.0308727539027127,-0.5943225179210394,-0.6691041878211763,0.0169048304510426,0.1293656456661658,1.0649230082551178,1.3845006461232328,1.2617185402757596,1.2153023149500253,0.8609893701735346,-0.3728570154053589,0.4578449270563101,1.2452930192254814,1.2287186047956644,0.079504218655956,-0.5496133485171606,0.3456473618968226,-0.3022189347541406
20,85.0,,,,,,-0.1729636545085497,,,0.0928143365909203,,,-0.4322508667804196,-0.1211709190331921,0.5839333208604315,-0.0142518045715681,2.024633708569158,0.1178522016611382,0.0255637692439304,-0.4640111756437078,0.8574636732026839,1.0716477960663775,1.1151940542823269,-0.5773502691896258,1.1729512705896592,0.3480367639014094,-0.5822002134108877,0.3152553208998548,0.2738485310959856,1.240847985241717,-1.1846067775364286,0.4192979391431046,1.0308727539027127,-0.5943225179210394,-0.6691041878211763,0.9697305621506996,0.1293656456661658,1.0649230082551178,1.3845006461232328,1.2617185402757596,1.2153023149500253,0.8609893701735346,-0.3728570154053589,0.4578449270563101,1.2452930192254814,1.2287186047956644,0.079504218655956,-0.5496133485171606,0.3456473618968226,1.187355983662514
21,68.0,-1.0,-1.0,,-1.224744871391585,-1.224744871391585,-0.1729636545085497,,,0.0928143365909203,,,-0.4322508667804196,-0.1211709190331921,0.5839333208604315,-0.0142518045715681,1.4740918360322948,0.1178522016611382,0.0255637692439304,-0.4640111756437078,0.8574636732026839,1.0716477960663775,2.199322122155715,-0.5773502691896258,1.1729512705896592,0.3480367639014094,-0.5822002134108877,0.3152553208998548,0.2738485310959856,1.240847985241717,-1.1846067775364286,0.4192979391431046,1.0308727539027127,-0.5943225179210394,-0.6691041878211763,0.9940478092446134,0.1293656456661658,1.0649230082551178,1.3845006461232328,1.2617185402757596,1.2153023149500253,0.8609893701735346,-0.3728570154053589,0.4578449270563101,1.2452930192254814,1.2287186047956644,0.079504218655956,-0.5496133485171606,0.3456473618968226,0.9971222283471236
22,87.0,,,,,,-0.1729636545085497,,,0.0928143365909203,,,-0.4322508667804196,-0.1211709190331921,0.5839333208604315,-0.0142518045715681,0.4225337359452096,0.1178522016611382,0.0255637692439304,-0.4640111756437078,0.8574636732026839,1.0716477960663775,0.184758404109788,-0.5773502691896258,1.1729512705896592,0.3480367639014094,-0.5822002134108877,0.3152553208998548,0.2738485310959856,1.240847985241717,-1.1846067775364286,0.4192979391431046,1.0308727539027127,-0.5943225179210394,-0.6691041878211763,-0.4679320858598046,0.1293656456661658,1.0649230082551178,1.3845006461232328,1.2617185402757596,1.2153023149500253,0.8609893701735346,-0.3728570154053589,0.4578449270563101,1.2452930192254814,1.2287186047956644,0.079504218655956,-0.5496133485171606,0.3456473618968226,0.0081197239277086
23,37.0,,,,,,-0.1729636545085497,,,0.0928143365909203,,,-0.4322508667804196,-0.1211709190331921,0.5839333208604315,-0.0142518045715681,,0.1178522016611382,0.0255637692439304,-0.4640111756437078,0.8574636732026839,1.0716477960663775,-1.0259027364186826,-0.5773502691896258,1.1729512705896592,0.3480367639014094,-0.5822002134108877,0.3152553208998548,0.2738485310959856,1.240847985241717,-1.1846067775364286,0.4192979391431046,1.0308727539027127,-0.5943225179210394,-0.6691041878211763,0.4037642810104196,0.1293656456661658,1.0649230082551178,1.3845006461232328,1.2617185402757596,1.2153023149500253,0.8609893701735346,-0.3728570154053589,0.4578449270563101,1.2452930192254814,1.2287186047956644,0.079504218655956,-0.5496133485171606,0.3456473618968226,-0.0526776391433324
24,9.0,,,,,,-0.1729636545085497,,,0.0928143365909203,,,-0.4322508667804196,-0.1211709190331921,0.5839333208604315,-0.0142518045715681,-0.9215901528829502,0.1178522016611382,0.0255637692439304,-0.4640111756437078,0.8574636732026839,1.0716477960663775,-0.953969070599792,-0.5773502691896258,1.1729512705896592,0.3480367639014094,-0.5822002134108877,0.3152553208998548,0.2738485310959856,1.240847985241717,-1.1846067775364286,0.4192979391431046,1.0308727539027127,-0.5943225179210394,-0.6691041878211763,0.1646779432917233,0.1293656456661658,1.0649230082551178,1.3845006461232328,1.2617185402757596,1.2153023149500253,0.8609893701735346,-0.3728570154053589,0.4578449270563101,1.2452930192254814,1.2287186047956644,0.079504218655956,-0.5496133485171606,0.3456473618968226,0.0446471773041351
25,84.0,,,,,,-0.1729636545085497,0.7071067811865511,0.7071067811865511,0.0928143365909203,,,-0.4322508667804196,-0.1211709190331921,0.5839333208604315,-0.0142518045715681,,0.1178522016611382,0.0255637692439304,-0.4640111756437078,0.8574636732026839,1.0716477960663775,-0.9884972301928594,-0.5773502691896258,1.1729512705896592,0.3480367639014094,-0.5822002134108877,0.3152553208998548,0.2738485310959856,1.240847985241717,-1.1846067775364286,0.4192979391431046,1.0308727539027127,-0.5943225179210394,-0.6691041878211763,1.1617105203995373,0.1293656456661658,1.0649230082551178,1.3845006461232328,1.2617185402757596,1.2153023149500253,0.8609893701735346,-0.3728570154053589,0.4578449270563101,1.2452930192254814,1.2287186047956644,0.079504218655956,-0.5496133485171606,0.3456473618968226,0.7055470300722897
26,86.0,,,,,,,,,0.0928143365909203,,,0.145425445207044,1.2129908791676545,0.0993353880279819,0.4355373371819674,-0.9330409891363706,1.1269985335073505,1.06683024912113,-0.1776307386140102,-0.6388013956606863,-0.7094014241950138,-1.0159372919832852,-0.5773502691896258,-0.746211053953526,-0.4560034008170666,-0.5822002134108877,-0.4422138236916429,0.7206492103833161,1.0388519695142726,,-0.9592158333821706,-0.6980627713169492,-0.5943225179210394,-0.6454495223664675,-0.9329128857739803,-0.9022944680802586,-0.6590554118924526,-0.308770880322378,-0.892961090901454,-0.8641755722000769,0.8609893701735346,0.6309108898930662,0.7721968057362435,-0.8560163491199864,-0.8401115761526777,0.706971765817044,-0.5515228101222012,-0.3650298554670467,-0.869562740380428
27,39.0,,,,,,,,,0.0928143365909203,,,0.145425445207044,1.2129908791676545,0.0993353880279819,0.4355373371819674,-0.1633059077592081,1.1269985335073505,1.06683024912113,-0.1776307386140102,-0.6388013956606863,-0.7094014241950138,0.8192484262254859,-0.5773502691896258,-0.746211053953526,-0.4560034008170666,-0.5822002134108877,-0.4422138236916429,0.7206492103833161,1.0388519695142726,,-0.9592158333821706,-0.6980627713169492,-0.5943225179210394,-0.6454495223664675,-0.1248241266296101,-0.9022944680802586,-0.6590554118924526,-0.308770880322378,-0.892961090901454,-0.8641755722000769,0.8609893701735346,0.6309108898930662,0.7721968057362435,-0.8560163491199864,-0.8401115761526777,0.706971765817044,-0.5515228101222012,-0.3650298554670467,-0.3367193181130153
28,88.0,,,,,,,,,0.0928143365909203,,,0.145425445207044,1.2129908791676545,0.0993353880279819,0.4355373371819674,-0.0840803037175177,1.1269985335073505,1.06683024912113,-0.1776307386140102,-0.6388013956606863,-0.7094014241950138,0.8192484262254859,-0.5773502691896258,-0.746211053953526,-0.4560034008170666,-0.5822002134108877,-0.4422138236916429,0.7206492103833161,1.0388519695142726,,-0.9592158333821706,-0.6980627713169492,-0.5943225179210394,-0.6454495223664675,-0.1248241266296101,-0.9022944680802586,-0.6590554118924526,-0.308770880322378,-0.892961090901454,-0.8641755722000769,0.8609893701735346,0.6309108898930662,0.7721968057362435,-0.8560163491199864,-0.8401115761526777,0.706971765817044,-0.5515228101222012,-0.3650298554670467,-0.1221593828183197
29,83.0,,,,,,,,,0.0928143365909203,,,0.145425445207044,1.2129908791676545,0.0993353880279819,0.4355373371819674,0.2175040614055033,1.1269985335073505,1.06683024912113,-0.1776307386140102,-0.6388013956606863,-0.7094014241950138,0.6054826251675923,-0.5773502691896258,-0.746211053953526,-0.4560034008170666,-0.5822002134108877,-0.4422138236916429,0.7206492103833161,1.0388519695142726,,-0.9592158333821706,-0.6980627713169492,-0.5943225179210394,-0.6454495223664675,0.3439883439314612,-0.9022944680802586,-0.6590554118924526,-0.308770880322378,-0.892961090901454,-0.8641755722000769,0.8609893701735346,0.6309108898930662,0.7721968057362435,-0.8560163491199864,-0.8401115761526777,0.706971765817044,-0.5515228101222012,-0.3650298554670467,0.0920361353945687
30,83.0,,,,,,,,,0.0928143365909203,,,0.145425445207044,1.2129908791676545,0.0993353880279819,0.4355373371819674,0.2548475734999155,1.1269985335073505,1.06683024912113,-0.1776307386140102,-0.6388013956606863,-0.7094014241950138,0.6054826251675923,-0.5773502691896258,-0.746211053953526,-0.4560034008170666,-0.5822002134108877,-0.4422138236916429,0.7206492103833161,1.0388519695142726,,-0.9592158333821706,-0.6980627713169492,-0.5943225179210394,-0.6454495223664675,0.3439883439314612,-0.9022944680802586,-0.6590554118924526,-0.308770880322378,-0.892961090901454,-0.8641755722000769,0.8609893701735346,0.6309108898930662,0.7721968057362435,-0.8560163491199864,-0.8401115761526777,0.706971765817044,-0.5515228101222012,-0.3650298554670467,0.2931849861712911
31,86.0,,,,,,,,,0.0928143365909203,,,0.145425445207044,1.2129908791676545,0.0993353880279819,0.4355373371819674,0.26885139053532,1.1269985335073505,1.06683024912113,-0.1776307386140102,-0.6388013956606863,-0.7094014241950138,0.6054826251675923,-0.5773502691896258,-0.746211053953526,-0.4560034008170666,-0.5822002134108877,-0.4422138236916429,0.7206492103833161,1.0388519695142726,,-0.9592158333821706,-0.6980627713169492,-0.5943225179210394,-0.6454495223664675,0.3439883439314612,-0.9022944680802586,-0.6590554118924526,-0.308770880322378,-0.892961090901454,-0.8641755722000769,0.8609893701735346,0.6309108898930662,0.7721968057362435,-0.8560163491199864,-0.8401115761526777,0.706971765817044,-0.5515228101222012,-0.3650298554670467,0.2931849861712911
32,87.0,0.9999999999999998,0.9999999999999998,,,,,,,0.0928143365909203,,,0.145425445207044,1.2129908791676545,0.0993353880279819,0.4355373371819674,0.3927913557058424,1.1269985335073505,1.06683024912113,-0.1776307386140102,-0.6388013956606863,-0.7094014241950138,2.34501411263378,-0.5773502691896258,-0.746211053953526,-0.4560034008170666,-0.5822002134108877,-0.4422138236916429,0.7206492103833161,1.0388519695142726,,-0.9592158333821706,-0.6980627713169492,-0.5943225179210394,-0.6454495223664675,0.0169048304510426,-0.9022944680802586,-0.6590554118924526,-0.308770880322378,-0.892961090901454,-0.8641755722000769,0.8609893701735346,0.6309108898930662,0.7721968057362435,-0.8560163491199864,-0.8401115761526777,0.706971765817044,-0.5515228101222012,-0.3650298554670467,-0.3022189347541406
33,7.0,,,,,,,,,-2.227544078182085,,,-2.6977360903081524,-3.0294085843473346,-3.4813102778777045,-1.7781992491882173,-0.9330409891363706,-0.6704507317407263,-0.6353644166044669,-1.885396459731852,-1.151730250107858,-1.9186258066197708,-1.0159372919832852,-0.5773502691896258,-1.806248443681696,-1.1395797139985906,-0.5822002134108877,-1.1365487638527016,-0.2771044056981463,-0.4423357330592953,,-0.9592158333821706,-1.168975645641574,-0.5943225179210394,-1.1084720332967568,-0.9329128857739803,-0.9022944680802586,-1.1163531961604996,-2.476678583407433,-1.922557035504178,-2.0423583230205526,-1.8647515566903248,-1.6052859502515868,-0.3348891887893143,-1.9497598459461989,-1.997106810264088,-1.3853163381468472,-1.1220243386252495,-0.7095997660953258,-0.869562740380428
34,32.0,,,,,,,,,-1.7634723952274842,,,-2.018979723730066,-1.8507445529027455,-2.4044270595787784,-1.2497073632520472,-0.9330409891363706,-0.964058501709526,-0.9296714478169102,-1.4913483157475074,-1.0621165405025317,-1.5531807909591373,-1.0159372919832852,-0.5773502691896258,-1.5397484708422378,-0.9488932125607106,-0.5822002134108877,-0.9276132220709932,-0.0483446016887795,-0.9908698236724456,,-0.9592158333821706,-0.8559154749827645,-0.5943225179210394,-1.0022212092576197,-0.9329128857739803,-0.9022944680802586,-0.6950256666720537,-1.9600124909305432,-1.1883905398029588,-1.2288458126379027,-1.8647515566903248,-1.0165288111796853,-0.1194398753234421,-0.972455228807572,-0.987175158249864,-0.9816779767366332,-0.8817456700864746,-0.6165656576404194,-0.869562740380428
35,80.0,,,,,,,,,-1.299400712272883,,,-1.340147357110934,-0.6900486500295542,-1.569842807696077,-0.7211563023202511,-0.9330409891363706,-0.7929329984119251,-0.7881630075477652,-1.1088613041344615,-0.9191672275996894,-1.2440631874033068,-1.0159372919832852,-0.5773502691896258,-1.2823115004798682,-0.7445623800392435,-0.5822002134108877,-0.7230515748559266,0.1745644537213622,-0.803867984515166,,-0.9592158333821706,-0.8079201682531395,-0.5943225179210394,-0.898039192593234,-0.9329128857739803,-0.9022944680802586,-0.6866157739444143,-1.0747138493268826,-1.0943718400153744,-1.1049572222911417,-1.8647515566903248,-0.4079663860839583,0.1764461549321772,-0.9338922143756208,-0.9401636973800156,-0.3416448650006138,-0.6845296356554081,-0.6086525898601715,-0.869562740380428
36,6.0,,,,,,-1.5297883162865988,,,-1.299400712272883,,,-1.6290235131251882,-1.253050011933385,-1.3275438412798524,-0.946080460694832,-0.9330409891363706,-1.1268254477047477,-1.1318654006659628,-1.2376001071851863,-0.1512309747336804,0.0317017700725913,-1.0159372919832852,-0.5773502691896258,0.0347335594933354,-0.4286011708415559,-0.5822002134108877,-0.4345281736807995,-0.0323555329977699,-1.187837021073792,,-0.269958947119533,0.1685808227106095,-0.5943225179210394,-0.9090077750895592,-0.9329128857739803,-0.3560712554027605,0.3171256695254417,0.0700788859140476,0.4097247300778154,0.4293206024222111,-1.8647515566903248,-0.9526117517391576,0.0353791817234915,0.5685656756870066,0.59707848279653,-0.771711446097458,-0.6815371958266124,-0.1032603013636343,-0.869562740380428
37,11.0,,,,,,-1.5297883162865988,,,-1.299400712272883,,,-1.6290235131251882,-1.253050011933385,-1.3275438412798524,-0.946080460694832,-0.9330409891363706,-1.3131041877175775,-1.2979506222275723,-1.2909118450070325,-0.1512309747336804,0.0317017700725913,-1.0159372919832852,-0.5773502691896258,0.0347335594933354,-0.4286011708415559,-0.5822002134108877,-0.4345281736807995,0.468799047398384,-1.87151922889763,,-0.269958947119533,0.1685808227106095,-0.5943225179210394,-0.9057874617232003,-0.9329128857739803,-0.4216429688261738,0.3171256695254417,0.0700788859140476,0.4097247300778154,0.4293206024222111,-1.8647515566903248,-0.9526117517391576,0.5625423955229656,0.5685656756870066,0.59707848279653,-0.4352785881234894,-0.6831046643083624,-0.0323889849673188,-0.869562740380428
38,32.0,,,,,,,,,-0.8353290293182819,,,-1.212163287990175,-1.253050011933385,-1.3275438412798524,-0.6215056096859986,-0.9330409891363706,-0.7223940923861911,-0.6960367466727005,-0.9121355839454196,-1.017066923721769,-1.2343995359484383,-1.0159372919832852,-0.5773502691896258,-1.2380458883812433,-0.7227410412199001,-0.5822002134108877,-0.6941417409496011,-0.3530748130819675,-0.0062879572050237,,-0.9592158333821706,-0.9612389693962275,-0.5943225179210394,-0.8027959851518321,-0.9329128857739803,-0.9022944680802586,-0.8498172818791074,-1.8596979956721085,-1.145889629715791,-1.162726765330797,-0.6148660519802771,-0.5033918551078447,-0.4567551392804483,-1.022105109888709,-1.02273928766007,-0.3050020573369433,-0.7583716508592936,-0.3394971612577557,-0.869562740380428
39,3.0,,,,,,-1.561094257357591,,,-1.7634723952274842,,,-2.121731779223692,-2.632414649307561,-2.7544133786290304,-0.8208069949545039,-0.9330409891363706,-0.1187816597297071,-0.0818512938983959,-1.3471138659217026,-0.6170502036145084,-0.923122640401716,-1.0159372919832852,-0.5773502691896258,-0.9975901226601568,-0.0302438386044629,-0.5822002134108877,0.0097718584995261,-3.744186566073609,0.1366619444960508,,-0.269958947119533,-0.8013098377784691,-0.5943225179210394,-1.075780973365538,-0.9329128857739803,-0.4931256166144074,-0.7765945419846564,-4.651204256665788,-2.561438415741794,-2.072145743650375,-0.3092630982012315,1.126043040488702,-3.9686394925394906,-2.760815023089304,-2.206947395134616,-0.1451356486803973,-1.168449905111985,-0.7095997660953258,-0.869562740380428
40,0.0,,,,,,-1.561094257357591,,,0.5568860195455214,,,0.3028975302534886,1.125975413758993,-0.6477595530611487,0.558147928119124,-0.9330409891363706,-1.6227196812233864,-1.542713881967354,0.9309699738674048,-0.3646539024176362,-0.2949028194269688,-1.0159372919832852,-0.5773502691896258,-0.3087065343753062,-0.0271236530375468,-0.0948237258850073,-0.0223718999484233,0.0693403033414191,-0.597663363543112,,-0.269958947119533,-0.012990652374345,-0.1753650167272371,0.2835035400491867,-0.9329128857739803,-0.2069419694854715,0.193269505690046,-1.9561810345144224,-0.0564682085779714,0.1402472249464346,-1.8647515566903248,1.127843521036323,0.3953551121309423,0.2883946638904286,0.3819419794571279,1.2635046742486806,1.7078547588989128,0.156599469235662,-0.869562740380428
41,50.0,,,,,,-0.1729636545085497,,,0.0928143365909203,,,-0.4322508667804196,-0.1211709190331921,0.5839333208604315,-0.0142518045715681,0.2863561618295757,0.1178522016611382,0.0255637692439304,-0.4640111756437078,0.8574636732026839,1.0716477960663775,-0.3448137346895766,-0.5773502691896258,1.1729512705896592,0.3480367639014094,-0.5822002134108877,0.3152553208998548,0.2738485310959856,1.240847985241717,-1.1846067775364286,0.4192979391431046,1.0308727539027127,-0.5943225179210394,-0.6691041878211763,0.3672328303863806,0.1293656456661658,1.0649230082551178,1.3845006461232328,1.2617185402757596,1.2153023149500253,0.8609893701735346,-0.3728570154053589,0.4578449270563101,1.2452930192254814,1.2287186047956644,0.079504218655956,-0.5496133485171606,0.3456473618968226,0.3164380114354215
42,40.0,,,,,,-0.1729636545085497,,,0.0928143365909203,,,-0.4322508667804196,-0.1211709190331921,0.5839333208604315,-0.0142518045715681,0.3231753947260364,0.1178522016611382,0.0255637692439304,-0.4640111756437078,0.8574636732026839,1.0716477960663775,0.8313192462458265,-0.5773502691896258,1.1729512705896592,0.3480367639014094,-0.5822002134108877,0.3152553208998548,0.2738485310959856,1.240847985241717,-1.1846067775364286,0.4192979391431046,1.0308727539027127,-0.5943225179210394,-0.6691041878211763,0.5057850231278384,0.1293656456661658,1.0649230082551178,1.3845006461232328,1.2617185402757596,1.2153023149500253,0.8609893701735346,-0.3728570154053589,0.4578449270563101,1.2452930192254814,1.2287186047956644,0.079504218655956,-0.5496133485171606,0.3456473618968226,0.3510656728191925
43,0.0,,,,,,-0.1729636545085497,,,0.0928143365909203,,,-0.4322508667804196,-0.1211709190331921,0.5839333208604315,-0.0142518045715681,0.2287101577854834,0.1178522016611382,0.0255637692439304,-0.4640111756437078,0.8574636732026839,1.0716477960663775,0.1656696654729702,-0.5773502691896258,1.1729512705896592,0.3480367639014094,-0.5822002134108877,0.3152553208998548,0.2738485310959856,1.240847985241717,-1.1846067775364286,0.4192979391431046,1.0308727539027127,-0.5943225179210394,-0.6691041878211763,0.1453240556586265,0.1293656456661658,1.0649230082551178,1.3845006461232328,1.2617185402757596,1.2153023149500253,0.8609893701735346,-0.3728570154053589,0.4578449270563101,1.2452930192254814,1.2287186047956644,0.079504218655956,-0.5496133485171606,0.3456473618968226,0.2801249210482933
44,4.0,,,,,,,,,-0.3712573463636808,,,-0.5334069214120882,0.3222689332571794,-0.7352585558133757,-0.0930137237498286,-0.9330409891363706,-0.4043788264166152,-0.4083818136587042,-0.5705787103243122,-0.7781657046491169,-0.9641472008453396,-1.0159372919832852,-0.5773502691896258,-1.0174810280967157,-0.5819688887463724,-0.5822002134108877,-0.5630563067728628,0.4876911592874832,-0.2910804197096202,,-0.9592158333821706,-0.7548608071832698,-0.5943225179210394,-0.7525590966366339,-0.9329128857739803,-0.9022944680802586,-0.6741011249107214,-1.000639025281881,-0.9954394474048396,-0.9826482678868704,-0.5018799699576513,0.2276032472260759,0.4708185910546569,-0.8946329232942041,-0.8901783746007225,0.5063280734108818,-0.6811097044224986,-0.3849985931345762,-0.869562740380428
45,6.0,,,,,,,,,-0.8353290293182819,,,-0.6613149904918016,0.3222689332571794,-0.7352585558133757,-0.192605241388455,-0.9330409891363706,0.0183177401262554,-0.018449529694754,-0.7159133324241598,-0.7781657046491169,-0.9641472008453396,-1.0159372919832852,-0.5773502691896258,-1.0174810280967157,-0.5819688887463724,-0.5822002134108877,-0.5630563067728628,0.4043961506038694,-0.0990078820256299,,-0.9592158333821706,-0.7548608071832698,-0.5943225179210394,-0.7909296183230674,-0.9329128857739803,-0.9022944680802586,-0.6741011249107214,-0.3177109452933263,-0.9954394474048396,-0.9826482678868704,-1.8647515566903248,0.0898664853331078,0.4753593734540781,-0.8946329232942041,-0.8901783746007225,0.0474012278709704,-0.5556837264555741,-0.6013985136814791,-0.869562740380428
46,3.0,,,,,,,,,-1.299400712272883,,,-1.340147357110934,-0.6900486500295542,-1.569842807696077,-0.7211563023202511,-0.9330409891363706,-0.7929329984119251,-0.7881630075477652,-1.1088613041344615,-0.9191672275996894,-1.2440631874033068,-1.0159372919832852,-0.5773502691896258,-1.2823115004798682,-0.7445623800392435,-0.5822002134108877,-0.7230515748559266,0.1745644537213622,-0.803867984515166,,-0.9592158333821706,-0.8079201682531395,-0.5943225179210394,-0.898039192593234,-0.9329128857739803,-0.9022944680802586,-0.6866157739444143,-1.0747138493268826,-1.0943718400153744,-1.1049572222911417,-1.8647515566903248,-0.4079663860839583,0.1764461549321772,-0.9338922143756208,-0.9401636973800156,-0.3416448650006138,-0.6845296356554081,-0.6086525898601715,-0.869562740380428
47,3.0,,,,,,,,,-0.8353290293182819,,,-1.212163287990175,-0.6900486500295542,-1.569842807696077,-0.6215056096859986,-0.9330409891363706,-1.2755640704230584,-1.2361881998478554,-0.953047074949662,-0.9191672275996894,-1.2440631874033068,-1.0159372919832852,-0.5773502691896258,-1.2823115004798682,-0.7445623800392435,-0.5822002134108877,-0.7230515748559266,0.2604052079786841,-1.105547395707443,,-0.9592158333821706,-0.8079201682531395,-0.5943225179210394,-0.8567606303517248,-0.9329128857739803,-0.9022944680802586,-0.6866157739444143,-1.800368473592178,-1.0943718400153744,-1.1049572222911417,-1.8647515566903248,-0.2567260200838371,0.1716891447994507,-0.9338922143756208,-0.9401636973800156,0.1826229163289406,-0.8806341924357797,-0.4067530688282818,-0.869562740380428
48,87.0,,,0.1856953381770524,,,0.4917163095737314,,,1.4850293854547236,-0.4935047561453021,-0.4935047561453019,1.6605622634917532,1.572579464791497,1.021408950704254,1.6152500499827158,-0.9330409891363706,1.4892041132951193,1.526601026611586,1.6618200096104685,0.9800640959722192,0.9724982352935948,-1.0159372919832852,1.7320508075688774,0.9226693021828865,1.422280730506852,1.7303547573151337,1.443898220457664,1.2436436080697046,0.9199210726984184,0.565670801844197,1.1085548254057422,0.7026425098822325,1.7005805341922513,1.6825247686997096,-0.9329128857739803,1.191014781046246,0.6313125824928625,0.324928789956019,0.6577395760692022,0.6863499364931788,0.752341475623781,1.7337052253106189,1.105706461587067,0.6027367912530965,0.6172437108126262,1.4304240126988976,1.6489179439851185,0.1289476647782315,-0.869562740380428
49,76.0,,,0.1856953381770524,,,0.4917163095737314,,,1.4850293854547236,-0.4935047561453021,-0.4935047561453019,1.6605622634917532,1.572579464791497,1.021408950704254,1.6152500499827158,0.0020646018228883,1.4892041132951193,1.526601026611586,1.6618200096104685,0.9800640959722192,0.9724982352935948,0.4176129438044995,1.7320508075688774,0.9226693021828865,1.422280730506852,1.7303547573151337,1.443898220457664,1.2436436080697046,0.9199210726984184,0.565670801844197,1.1085548254057422,0.7026425098822325,1.7005805341922513,1.6825247686997096,0.0085397081649498,1.191014781046246,0.6313125824928625,0.324928789956019,0.6577395760692022,0.6863499364931788,0.752341475623781,1.7337052253106189,1.105706461587067,0.6027367912530965,0.6172437108126262,1.4304240126988976,1.6489179439851185,0.1289476647782315,0.0725558987420878
50,93.0,,,0.1856953381770524,,,0.4917163095737314,,,1.4850293854547236,-0.4935047561453021,-0.4935047561453019,1.6605622634917532,1.572579464791497,1.021408950704254,1.6152500499827158,0.26885139053532,1.4892041132951193,1.526601026611586,1.6618200096104685,0.9800640959722192,0.9724982352935948,0.6054826251675923,1.7320508075688774,0.9226693021828865,1.422280730506852,1.7303547573151337,1.443898220457664,1.2436436080697046,0.9199210726984184,0.565670801844197,1.1085548254057422,0.7026425098822325,1.7005805341922513,1.6825247686997096,0.3439883439314612,1.191014781046246,0.6313125824928625,0.324928789956019,0.6577395760692022,0.6863499364931788,0.752341475623781,1.7337052253106189,1.105706461587067,0.6027367912530965,0.6172437108126262,1.4304240126988976,1.6489179439851185,0.1289476647782315,0.2931849861712911
51,90.0,,,0.1856953381770524,,,0.4917163095737314,,,1.4850293854547236,-0.4935047561453021,-0.4935047561453019,1.6605622634917532,1.572579464791497,1.021408950704254,1.6152500499827158,2.024633708569158,1.4892041132951193,1.526601026611586,1.6618200096104685,0.9800640959722192,0.9724982352935948,1.1151940542823269,1.7320508075688774,0.9226693021828865,1.422280730506852,1.7303547573151337,1.443898220457664,1.2436436080697046,0.9199210726984184,0.565670801844197,1.1085548254057422,0.7026425098822325,1.7005805341922513,1.6825247686997096,0.9697305621506996,1.191014781046246,0.6313125824928625,0.324928789956019,0.6577395760692022,0.6863499364931788,0.752341475623781,1.7337052253106189,1.105706461587067,0.6027367912530965,0.6172437108126262,1.4304240126988976,1.6489179439851185,0.1289476647782315,1.187355983662514
52,91.0,,,0.1856953381770524,0.8164965809277303,0.8164965809277303,0.4917163095737314,,,1.4850293854547236,-0.4935047561453021,-0.4935047561453019,1.6605622634917532,1.572579464791497,1.021408950704254,1.6152500499827158,1.0137353492090444,1.4892041132951193,1.526601026611586,1.6618200096104685,0.9800640959722192,0.9724982352935948,0.2773949298472863,1.7320508075688774,0.9226693021828865,1.422280730506852,1.7303547573151337,1.443898220457664,1.2436436080697046,0.9199210726984184,0.565670801844197,1.1085548254057422,0.7026425098822325,1.7005805341922513,1.6825247686997096,0.3113582063428668,1.191014781046246,0.6313125824928625,0.324928789956019,0.6577395760692022,0.6863499364931788,0.752341475623781,1.7337052253106189,1.105706461587067,0.6027367912530965,0.6172437108126262,1.4304240126988976,1.6489179439851185,0.1289476647782315,0.5287417762677529
53,78.0,-1.0,-1.0,0.1856953381770524,-1.224744871391585,-1.224744871391585,0.4917163095737314,,,1.4850293854547236,-0.4935047561453021,-0.4935047561453019,1.6605622634917532,1.572579464791497,1.021408950704254,1.6152500499827158,1.4740918360322948,1.4892041132951193,1.526601026611586,1.6618200096104685,0.9800640959722192,0.9724982352935948,2.199322122155715,1.7320508075688774,0.9226693021828865,1.422280730506852,1.7303547573151337,1.443898220457664,1.2436436080697046,0.9199210726984184,0.565670801844197,1.1085548254057422,0.7026425098822325,1.7005805341922513,1.6825247686997096,0.9940478092446134,1.191014781046246,0.6313125824928625,0.324928789956019,0.6577395760692022,0.6863499364931788,0.752341475623781,1.7337052253106189,1.105706461587067,0.6027367912530965,0.6172437108126262,1.4304240126988976,1.6489179439851185,0.1289476647782315,0.9971222283471236
54,72.0,,,0.1856953381770524,,,0.4917163095737314,,,1.4850293854547236,-0.4935047561453021,-0.4935047561453019,1.6605622634917532,1.572579464791497,1.021408950704254,1.6152500499827158,1.6937694077083212,1.4892041132951193,1.526601026611586,1.6618200096104685,0.9800640959722192,0.9724982352935948,1.1151940542823269,1.7320508075688774,0.9226693021828865,1.422280730506852,1.7303547573151337,1.443898220457664,1.2436436080697046,0.9199210726984184,0.565670801844197,1.1085548254057422,0.7026425098822325,1.7005805341922513,1.6825247686997096,0.9697305621506996,1.191014781046246,0.6313125824928625,0.324928789956019,0.6577395760692022,0.6863499364931788,0.752341475623781,1.7337052253106189,1.105706461587067,0.6027367912530965,0.6172437108126262,1.4304240126988976,1.6489179439851185,0.1289476647782315,1.187355983662514
55,70.0,,,0.1856953381770524,,,0.4917163095737314,,,1.4850293854547236,-0.4935047561453021,-0.4935047561453019,1.6605622634917532,1.572579464791497,1.021408950704254,1.6152500499827158,1.923319282639471,1.4892041132951193,1.526601026611586,1.6618200096104685,0.9800640959722192,0.9724982352935948,1.2620089117390283,1.7320508075688774,0.9226693021828865,1.422280730506852,1.7303547573151337,1.443898220457664,1.2436436080697046,0.9199210726984184,0.565670801844197,1.1085548254057422,0.7026425098822325,1.7005805341922513,1.6825247686997096,4.628728263746153,1.191014781046246,0.6313125824928625,0.324928789956019,0.6577395760692022,0.6863499364931788,0.752341475623781,1.7337052253106189,1.105706461587067,0.6027367912530965,0.6172437108126262,1.4304240126988976,1.6489179439851185,0.1289476647782315,4.847697809738427
56,86.0,,,0.1856953381770524,,,0.4917163095737314,,,1.4850293854547236,-0.4935047561453021,-0.4935047561453019,1.6605622634917532,1.572579464791497,1.021408950704254,1.6152500499827158,-0.1633059077592081,1.4892041132951193,1.526601026611586,1.6618200096104685,0.9800640959722192,0.9724982352935948,0.8192484262254859,1.7320508075688774,0.9226693021828865,1.422280730506852,1.7303547573151337,1.443898220457664,1.2436436080697046,0.9199210726984184,0.565670801844197,1.1085548254057422,0.7026425098822325,1.7005805341922513,1.6825247686997096,-0.1248241266296101,1.191014781046246,0.6313125824928625,0.324928789956019,0.6577395760692022,0.6863499364931788,0.752341475623781,1.7337052253106189,1.105706461587067,0.6027367912530965,0.6172437108126262,1.4304240126988976,1.6489179439851185,0.1289476647782315,-0.3367193181130153
57,73.0,,,0.1856953381770524,,,0.4917163095737314,,,1.4850293854547236,-0.4935047561453021,-0.4935047561453019,1.6605622634917532,1.572579464791497,1.021408950704254,1.6152500499827158,0.2175040614055033,1.4892041132951193,1.526601026611586,1.6618200096104685,0.9800640959722192,0.9724982352935948,0.6054826251675923,1.7320508075688774,0.9226693021828865,1.422280730506852,1.7303547573151337,1.443898220457664,1.2436436080697046,0.9199210726984184,0.565670801844197,1.1085548254057422,0.7026425098822325,1.7005805341922513,1.6825247686997096,0.3439883439314612,1.191014781046246,0.6313125824928625,0.324928789956019,0.6577395760692022,0.6863499364931788,0.752341475623781,1.7337052253106189,1.105706461587067,0.6027367912530965,0.6172437108126262,1.4304240126988976,1.6489179439851185,0.1289476647782315,0.0920361353945687
58,81.0,,,0.1856953381770524,,,0.4917163095737314,,,1.4850293854547236,-0.4935047561453021,-0.4935047561453019,1.6605622634917532,1.572579464791497,1.021408950704254,1.6152500499827158,0.4225337359452096,1.4892041132951193,1.526601026611586,1.6618200096104685,0.9800640959722192,0.9724982352935948,0.184758404109788,1.7320508075688774,0.9226693021828865,1.422280730506852,1.7303547573151337,1.443898220457664,1.2436436080697046,0.9199210726984184,0.565670801844197,1.1085548254057422,0.7026425098822325,1.7005805341922513,1.6825247686997096,-0.4679320858598046,1.191014781046246,0.6313125824928625,0.324928789956019,0.6577395760692022,0.6863499364931788,0.752341475623781,1.7337052253106189,1.105706461587067,0.6027367912530965,0.6172437108126262,1.4304240126988976,1.6489179439851185,0.1289476647782315,0.0081197239277086
59,91.0,,,0.1856953381770524,,,0.4917163095737314,,,1.4850293854547236,-0.4935047561453021,-0.4935047561453019,1.6605622634917532,1.572579464791497,1.021408950704254,1.6152500499827158,0.6830474726625463,1.4892041132951193,1.526601026611586,1.6618200096104685,0.9800640959722192,0.9724982352935948,0.6146059193690127,1.7320508075688774,0.9226693021828865,1.422280730506852,1.7303547573151337,1.443898220457664,1.2436436080697046,0.9199210726984184,0.565670801844197,1.1085548254057422,0.7026425098822325,1.7005805341922513,1.6825247686997096,0.8228601218077495,1.191014781046246,0.6313125824928625,0.324928789956019,0.6577395760692022,0.6863499364931788,0.752341475623781,1.7337052253106189,1.105706461587067,0.6027367912530965,0.6172437108126262,1.4304240126988976,1.6489179439851185,0.1289476647782315,0.4777381222702773
60,80.0,,,0.1856953381770524,,,0.4917163095737314,,,1.4850293854547236,-0.4935047561453021,-0.4935047561453019,1.6605622634917532,1.572579464791497,1.021408950704254,1.6152500499827158,,1.4892041132951193,1.526601026611586,1.6618200096104685,0.9800640959722192,0.9724982352935948,-1.0259027364186826,1.7320508075688774,0.9226693021828865,1.422280730506852,1.7303547573151337,1.443898220457664,1.2436436080697046,0.9199210726984184,0.565670801844197,1.1085548254057422,0.7026425098822325,1.7005805341922513,1.6825247686997096,0.4037642810104196,1.191014781046246,0.6313125824928625,0.324928789956019,0.6577395760692022,0.6863499364931788,0.752341475623781,1.7337052253106189,1.105706461587067,0.6027367912530965,0.6172437108126262,1.4304240126988976,1.6489179439851185,0.1289476647782315,-0.0526776391433324
61,90.0,,,,,,,,,-1.299400712272883,,,-1.340147357110934,-0.3440209161577104,-1.8121417741123016,-0.7211563023202511,-0.0840803037175177,-1.7882255202482178,-1.7569823940015683,-1.1858174223543836,-0.8475604580177162,-1.1698105713299305,0.8192484262254859,-0.5773502691896258,-1.206897779867879,-0.6836779415149477,-0.5822002134108877,-0.6783746151948079,0.4383394249199803,-1.927535061967812,,-0.9592158333821706,-1.0645964841530635,-0.5943225179210394,-0.8928866912070597,-0.1248241266296101,-0.9022944680802586,-1.0929846242021457,-0.4119879940778737,-1.6894352378627642,-1.6772367580277294,-1.8647515566903248,-0.1225902192861105,0.382338202585935,-1.7932582790431977,-1.785392285012266,-0.1638623933049723,-0.6134805642917296,-0.7095997660953258,-0.1221593828183197
62,5.0,,,,,,,,,-1.299400712272883,,,-1.340147357110934,-0.5577173383496296,-1.8121417741123016,-0.7211563023202511,-0.0840803037175177,-2.199649357111042,-2.1851957105376814,-1.1858174223543836,-0.6770629095082874,-0.79768297921336,0.8192484262254859,-0.5773502691896258,-0.8072670706412846,-0.4612358471906185,-0.5822002134108877,-0.452980768811784,0.7107342013067675,-1.9773121648145375,,-0.9592158333821706,-0.865154474885959,-0.5943225179210394,-0.8611324497096907,-0.1248241266296101,-0.9022944680802586,-1.1259997782880395,-0.0769097147771309,-1.2472535404242806,-1.206505247165536,-1.8647515566903248,-0.1225902192861105,0.6964738535325612,-1.5958370690485149,-1.70917179689486,-0.1638623933049723,-0.6134805642917296,-0.7095997660953258,-0.1221593828183197
63,75.0,,,,,,,,,0.0928143365909203,,,0.7990257981990434,1.1344509461039929,0.7993080261284855,0.4355373371819674,-0.0840803037175177,-1.286097685089968,-1.271564304053519,0.0498811582605397,-0.6417806193957722,-0.6466617197675096,0.8192484262254859,-0.5773502691896258,-0.6611619307079998,-0.5403456174682278,-0.5822002134108877,-0.5398457165170634,-0.4880886528946022,-1.8220359972891007,,-0.9592158333821706,-0.8483166322650147,-0.5943225179210394,-0.3995542005315866,-0.1248241266296101,-0.9022944680802586,-0.8835863914502109,0.6233179714539085,-0.856387006178051,-0.8601136512051011,-1.8647515566903248,0.2131994028451118,-0.4977951630618841,-0.880225352624489,-0.8911560826257454,-0.1375152417768901,-0.375966340166223,0.5502371192315332,-0.1221593828183197
64,39.0,,,,,,-1.7431318234970152,,,-0.8353290293182819,,,-0.8474390910124303,-1.3917097210975746,-0.1429635783882428,-0.8464297680605796,0.26885139053532,-0.0016254950665245,0.0284061542796103,-0.8070411612927711,-0.5955152712493994,-0.5598230050486463,0.6054826251675923,-0.5773502691896258,-0.5545047015565717,-0.3768912872095873,-0.5822002134108877,-0.3640259097536691,-1.3183590075478873,0.1703609543940456,,-0.269958947119533,-0.734416827720254,-0.5943225179210394,-0.5584425103226625,0.3439883439314612,-0.0899961159788101,-0.7283484750767444,-0.1058197950078602,-0.5665804428780665,-0.583226036714252,-0.6148660519802771,-1.1209566829416735,-1.3106384581049455,-0.5430667750562499,-0.5390589801143929,-0.9225792891551816,-0.6020522940884275,-2.424859286555276,0.2931849861712911
65,64.0,,,,,,-1.2057317949276047,,,-0.8353290293182819,,,-0.8474390910124303,-0.1983547669216537,-0.8698604776369172,-0.8464297680605796,0.26885139053532,-1.09037500411948,-1.089646787838892,-0.8070411612927711,0.1230113972013891,0.2298796612348665,0.6054826251675923,-0.5773502691896258,0.2391281153582146,-0.3779870031496357,-0.5822002134108877,-0.4072420743446011,-0.8671814323619011,-1.1492518694653453,,-0.269958947119533,0.3322431067100534,-0.5943225179210394,-0.6426390670649179,0.3439883439314612,-0.3441096393430894,0.4012579934877569,0.6364378070606252,0.4057735131686388,0.4435373259046263,2.0000590098981363,-0.7239507221913553,-0.8019843382764449,0.4614461911538092,0.5066812283162927,-0.6591077738743635,-0.6021092929423084,0.77689663451638,0.2931849861712911
66,69.0,,,,,,,,,-0.8353290293182819,,,-0.4558108795045497,-0.8306294798586118,-0.7621731250028903,-1.050405977983542,0.26885139053532,-0.690997332381627,-0.6668782411554035,-0.5532743057427548,-1.1443729921856969,-1.058318366369907,0.6054826251675923,-0.5773502691896258,-1.0416172346935952,-1.1370852393521076,-0.5822002134108877,-1.134278527395714,-1.1443997266778207,-0.7274522347432077,,-0.9592158333821706,-1.1578755919623027,-0.5943225179210394,-0.4541433913540456,0.3439883439314612,-0.9022944680802586,-1.1042656198982943,-0.6970251304892816,-0.9724413387283504,-1.00453750880424,-0.6148660519802771,-0.9661153558463114,-1.1692255205229702,-0.927197246592296,-0.927983084901606,-1.2620116689954242,-0.5837556619923652,-0.2468015935863934,0.2931849861712911
67,47.0,,,,,,,,,0.0928143365909203,,,0.3509295561942959,-0.2685321747382485,0.0724111268798111,-0.4222633994131192,0.26885139053532,-1.400169454162466,-1.4121178136445205,-0.0149917119326048,-1.085993727601697,-1.0067427878134,0.6054826251675923,-0.5773502691896258,-1.0233958297133423,-0.99411433209264,-0.5822002134108877,-0.9956556251603113,-1.1615500126480658,-1.6147446206028462,,-0.9592158333821706,-1.1725044686769244,-0.5943225179210394,-0.3312054889619578,0.3439883439314612,-0.9022944680802586,-1.3412970801987485,-1.122549002158451,-0.9709722965441696,-1.016948934066666,-0.6148660519802771,-0.5691093950959926,-1.3502946243932243,-0.7824788229879462,-1.126783716656251,-0.5767425247896522,-0.5834991671498979,-0.0282593042642371,0.2931849861712911
68,63.0,,,,,,-1.411571201218135,,,0.0928143365909203,,,0.062053400180041,-0.5135315630576994,0.3147100932960359,-0.6471875577877003,0.26885139053532,-1.807631272964612,-1.8013262043495624,-0.1726519928992734,-0.0278779429667916,-0.1271060572704669,0.6054826251675923,-0.5773502691896258,-0.1383220878060301,-0.5840873844842691,-0.5822002134108877,-0.6132071037043169,-1.1275174139258604,-1.4551959627810185,,-0.269958947119533,0.2733686428917894,-0.5943225179210394,-0.3213493783558291,0.3439883439314612,-0.2966408705909749,0.3814932275466263,0.1418316151613996,0.1126742691110073,0.1434064968314158,-0.6148660519802771,-0.8598870035367022,-1.1405537230866245,0.2146428987893222,0.2464479423227118,-0.6679442031560892,-0.5834706677229567,-0.9034208253763812,0.2931849861712911
69,9.0,,,,,,-0.8834369911253793,,,-0.8353290293182819,,,-0.5853909494872659,-1.9261202872242735,1.6608165391593577,-0.6423943831419909,0.26885139053532,0.5347812502853693,0.5747130226327303,-0.6909636628873884,-0.5940938248832358,-0.5410213650303878,0.6054826251675923,-0.5773502691896258,-0.5372849968501023,-0.3114308694367149,-0.5822002134108877,-0.295360657285546,-1.3911137363122876,0.3684670803018814,-1.2840543672739642,0.4192979391431046,-0.7733885087225509,-0.5943225179210394,-0.428029577510481,0.3439883439314612,0.7342827369566378,-0.7787460981746638,0.2507378611711351,-0.5097943639654143,-0.5200405990146286,0.6371896697669506,-1.4009314080966606,-1.3653008290846451,-0.4741353867591374,-0.4633680838438743,-1.1654594921648227,-0.4710119290141432,-5.748947307402762,0.2931849861712911
70,29.0,,,,,,,,,-0.8353290293182819,,,0.1977894734874496,-0.9400203506580715,0.4223974459300629,-1.050405977983542,0.26885139053532,0.5592319532583068,0.6041851607106427,-0.1625266785805387,-1.3168574631284204,-1.0183550686259029,0.6054826251675923,-0.5773502691896258,-0.991007520861008,-1.3106402837889672,-0.5822002134108877,-1.3076162359205596,-1.303709804948303,0.4986577174942944,,-0.9592158333821706,-1.329893289502412,-0.5943225179210394,-0.2037981819583778,0.3439883439314612,-0.9022944680802586,-1.2719453198088968,-0.1982391679542882,-0.8983306933677708,-0.9298432949521854,1.8892431449126903,-1.1452631703345504,-1.2960214633334757,-0.8478752682954632,-0.8438187190808893,-1.707967609167665,-0.4130725940432822,-1.8313636973519425,0.2931849861712911
71,91.0,,,,,,,,,-0.8353290293182819,,,-0.4558108795045497,-0.8306294798586118,-0.7621731250028903,-1.050405977983542,0.26885139053532,-0.690997332381627,-0.6668782411554035,-0.5532743057427548,-1.1443729921856969,-1.058318366369907,0.6054826251675923,-0.5773502691896258,-1.0416172346935952,-1.1370852393521076,-0.5822002134108877,-1.134278527395714,-1.1443997266778207,-0.7274522347432077,,-0.9592158333821706,-1.1578755919623027,-0.5943225179210394,-0.4541433913540456,0.3439883439314612,-0.9022944680802586,-1.1042656198982943,-0.6970251304892816,-0.9724413387283504,-1.00453750880424,-0.6148660519802771,-0.9661153558463114,-1.1692255205229702,-0.927197246592296,-0.927983084901606,-1.2620116689954242,-0.5837556619923652,-0.2468015935863934,0.2931849861712911
72,33.0,,,,,,,,,-0.8353290293182819,,,-0.4558108795045497,-0.8306294798586118,-0.7621731250028903,-1.050405977983542,0.26885139053532,-0.690997332381627,-0.6668782411554035,-0.5532743057427548,-1.1443729921856969,-1.058318366369907,0.6054826251675923,-0.5773502691896258,-1.0416172346935952,-1.1370852393521076,-0.5822002134108877,-1.134278527395714,-1.1443997266778207,-0.7274522347432077,,-0.9592158333821706,-1.1578755919623027,-0.5943225179210394,-0.4541433913540456,0.3439883439314612,-0.9022944680802586,-1.1042656198982943,-0.6970251304892816,-0.9724413387283504,-1.00453750880424,-0.6148660519802771,-0.9661153558463114,-1.1692255205229702,-0.927197246592296,-0.927983084901606,-1.2620116689954242,-0.5837556619923652,-0.2468015935863934,0.2931849861712911
73,0.0,,,,,,,,,-0.8353290293182819,,,-0.4558108795045497,-0.8306294798586118,-0.7621731250028903,-1.050405977983542,-0.9330409891363706,-0.690997332381627,-0.6668782411554035,-0.5532743057427548,-1.1443729921856969,-1.058318366369907,-1.0159372919832852,-0.5773502691896258,-1.0416172346935952,-1.1370852393521076,-0.5822002134108877,-1.134278527395714,-1.1443997266778207,-0.7274522347432077,,-0.9592158333821706,-1.1578755919623027,-0.5943225179210394,-0.4541433913540456,-0.9329128857739803,-0.9022944680802586,-1.1042656198982943,-0.6970251304892816,-0.9724413387283504,-1.00453750880424,-0.6148660519802771,-0.9661153558463114,-1.1692255205229702,-0.927197246592296,-0.927983084901606,-1.2620116689954242,-0.5837556619923652,-0.2468015935863934,-0.869562740380428
74,0.0,,,,,,,,,-0.8353290293182819,,,-0.4558108795045497,-0.8306294798586118,-0.7621731250028903,-1.050405977983542,0.26885139053532,-0.690997332381627,-0.6668782411554035,-0.5532743057427548,-1.1443729921856969,-1.058318366369907,0.6054826251675923,-0.5773502691896258,-1.0416172346935952,-1.1370852393521076,-0.5822002134108877,-1.134278527395714,-1.1443997266778207,-0.7274522347432077,,-0.9592158333821706,-1.1578755919623027,-0.5943225179210394,-0.4541433913540456,0.3439883439314612,-0.9022944680802586,-1.1042656198982943,-0.6970251304892816,-0.9724413387283504,-1.00453750880424,-0.6148660519802771,-0.9661153558463114,-1.1692255205229702,-0.927197246592296,-0.927983084901606,-1.2620116689954242,-0.5837556619923652,-0.2468015935863934,0.2931849861712911
75,0.0,,,,,,,,,-0.8353290293182819,,,-0.4558108795045497,-0.8306294798586118,-0.7621731250028903,-1.050405977983542,0.6830474726625463,-0.690997332381627,-0.6668782411554035,-0.5532743057427548,-1.1443729921856969,-1.058318366369907,0.6146059193690127,-0.5773502691896258,-1.0416172346935952,-1.1370852393521076,-0.5822002134108877,-1.134278527395714,-1.1443997266778207,-0.7274522347432077,,-0.9592158333821706,-1.1578755919623027,-0.5943225179210394,-0.4541433913540456,0.8228601218077495,-0.9022944680802586,-1.1042656198982943,-0.6970251304892816,-0.9724413387283504,-1.00453750880424,-0.6148660519802771,-0.9661153558463114,-1.1692255205229702,-0.927197246592296,-0.927983084901606,-1.2620116689954242,-0.5837556619923652,-0.2468015935863934,0.4777381222702773
76,32.0,,,,,,,,,-0.8353290293182819,,,-0.4558108795045497,-0.8306294798586118,-0.7621731250028903,-1.050405977983542,-0.9330409891363706,-0.690997332381627,-0.6668782411554035,-0.5532743057427548,-1.1443729921856969,-1.058318366369907,-1.0159372919832852,-0.5773502691896258,-1.0416172346935952,-1.1370852393521076,-0.5822002134108877,-1.134278527395714,-1.1443997266778207,-0.7274522347432077,,-0.9592158333821706,-1.1578755919623027,-0.5943225179210394,-0.4541433913540456,-0.9329128857739803,-0.9022944680802586,-1.1042656198982943,-0.6970251304892816,-0.9724413387283504,-1.00453750880424,-0.6148660519802771,-0.9661153558463114,-1.1692255205229702,-0.927197246592296,-0.927983084901606,-1.2620116689954242,-0.5837556619923652,-0.2468015935863934,-0.869562740380428
77,46.0,,,,,,,,,-0.8353290293182819,,,-0.4558108795045497,-0.8306294798586118,-0.7621731250028903,-1.050405977983542,-0.9330409891363706,-0.690997332381627,-0.6668782411554035,-0.5532743057427548,-1.1443729921856969,-1.058318366369907,-1.0159372919832852,-0.5773502691896258,-1.0416172346935952,-1.1370852393521076,-0.5822002134108877,-1.134278527395714,-1.1443997266778207,-0.7274522347432077,,-0.9592158333821706,-1.1578755919623027,-0.5943225179210394,-0.4541433913540456,-0.9329128857739803,-0.9022944680802586,-1.1042656198982943,-0.6970251304892816,-0.9724413387283504,-1.00453750880424,-0.6148660519802771,-0.9661153558463114,-1.1692255205229702,-0.927197246592296,-0.927983084901606,-1.2620116689954242,-0.5837556619923652,-0.2468015935863934,-0.869562740380428
78,36.0,,,,,,-1.411571201218135,,,0.0928143365909203,,,0.062053400180041,-0.5135315630576994,0.3147100932960359,-0.6471875577877003,-0.9330409891363706,-1.807631272964612,-1.8013262043495624,-0.1726519928992734,-0.0278779429667916,-0.1271060572704669,-1.0159372919832852,-0.5773502691896258,-0.1383220878060301,-0.5840873844842691,-0.5822002134108877,-0.6132071037043169,-1.1275174139258604,-1.4551959627810185,,-0.269958947119533,0.2733686428917894,-0.5943225179210394,-0.3213493783558291,-0.9329128857739803,-0.2966408705909749,0.3814932275466263,0.1418316151613996,0.1126742691110073,0.1434064968314158,-0.6148660519802771,-0.8598870035367022,-1.1405537230866245,0.2146428987893222,0.2464479423227118,-0.6679442031560892,-0.5834706677229567,-0.9034208253763812,-0.869562740380428
79,44.0,,,,,,,,,0.0928143365909203,,,0.3509295561942959,-0.2685321747382485,0.0724111268798111,-0.4222633994131192,-0.9330409891363706,-1.400169454162466,-1.4121178136445205,-0.0149917119326048,-1.085993727601697,-1.0067427878134,-1.0159372919832852,-0.5773502691896258,-1.0233958297133423,-0.99411433209264,-0.5822002134108877,-0.9956556251603113,-1.1615500126480658,-1.6147446206028462,,-0.9592158333821706,-1.1725044686769244,-0.5943225179210394,-0.3312054889619578,-0.9329128857739803,-0.9022944680802586,-1.3412970801987485,-1.122549002158451,-0.9709722965441696,-1.016948934066666,-0.6148660519802771,-0.5691093950959926,-1.3502946243932243,-0.7824788229879462,-1.126783716656251,-0.5767425247896522,-0.5834991671498979,-0.0282593042642371,-0.869562740380428
80,11.0,,,,,,,,,-1.299400712272883,,,-1.2373953016173078,-0.6007730426622265,-1.9467533878945,-1.1500566706177946,-0.9330409891363706,-1.121685809828362,-1.0993047603865311,-1.060789369855092,-0.967934383212636,-1.1406496956903864,-1.0159372919832852,-0.5773502691896258,-1.1552863657615082,-0.9534303176405532,-0.5822002134108877,-0.9508539338968808,-0.8389549200358728,-1.2873876775977,,-0.9592158333821706,-0.992551061118351,-0.5943225179210394,-0.7358525012329783,-0.9329128857739803,-0.9022944680802586,-0.9475056242634116,-1.161211880539306,-1.147358671899972,-1.1780718002007056,-0.6148660519802771,-0.7338533652032678,-0.8705285297343756,-1.1146563445253916,-1.127842900350026,-0.6750782011083082,-0.65124230498843,-0.3969328018247083,-0.869562740380428
81,40.0,,,,,,-1.1776330794720966,,,0.0928143365909203,,,0.062053400180041,-0.5135315630576994,0.3147100932960359,-0.6471875577877003,-0.9330409891363706,-1.271374526285575,-1.2617722820447408,-0.1726519928992734,-0.0278779429667916,-0.1271060572704669,-1.0159372919832852,-0.5773502691896258,-0.1383220878060301,-0.5840873844842691,-0.5822002134108877,-0.6132071037043169,-1.1275174139258604,-0.459210259653574,,-0.269958947119533,0.2733686428917894,-0.5943225179210394,-0.3213493783558291,-0.9329128857739803,-0.3234610270923088,0.3814932275466263,0.1418316151613996,0.1126742691110073,0.1434064968314158,-0.6148660519802771,-0.8598870035367022,-1.1405537230866245,0.2146428987893222,0.2464479423227118,-0.7246919141396502,-0.5811052152868613,-1.953284896482097,-0.869562740380428
82,21.0,,,,,,-0.0430057440810227,,,-0.8353290293182819,,,0.0950374179938234,-0.3092147299942464,0.0724111268798111,-0.6215056096859986,-0.9330409891363706,-1.1425561563280435,-1.1178338763607163,-0.3216414245874675,-0.306038507287951,-0.3385397952613224,-1.0159372919832852,-0.5773502691896258,-0.3484406452353866,-0.2614751774382297,-0.5822002134108877,-0.2571357783689715,-1.0718236467256106,-2.5829030599249605,,-0.269958947119533,-0.3208818428123595,-0.5943225179210394,-0.2444717156280256,-0.9329128857739803,-0.2523787365198395,-0.2846117693346141,0.6196026197776704,-0.3022035063525257,-0.2973119311234566,0.6371896697669506,-0.7284519235604062,-1.057781746777175,-0.254486883723816,-0.2410209838199287,-1.124357935781015,-0.4421135100960654,0.8966341163786351,-0.869562740380428
83,8.0,,,,,,,,,-0.8353290293182819,,,0.1977894734874496,-0.9400203506580715,0.4223974459300629,-1.050405977983542,-0.9330409891363706,0.5592319532583068,0.6041851607106427,-0.1625266785805387,-1.3168574631284204,-1.0183550686259029,-1.0159372919832852,-0.5773502691896258,-0.991007520861008,-1.3106402837889672,-0.5822002134108877,-1.3076162359205596,-1.303709804948303,0.4986577174942944,,-0.9592158333821706,-1.329893289502412,-0.5943225179210394,-0.2037981819583778,-0.9329128857739803,-0.9022944680802586,-1.2719453198088968,-0.1982391679542882,-0.8983306933677708,-0.9298432949521854,1.8892431449126903,-1.1452631703345504,-1.2960214633334757,-0.8478752682954632,-0.8438187190808893,-1.707967609167665,-0.4130725940432822,-1.8313636973519425,-0.869562740380428
84,17.0,,,,,,-0.207891249972144,,,-0.8353290293182819,,,-0.5853909494872659,-1.0192383263093323,0.6916206734944585,-0.6423943831419909,-0.9330409891363706,-0.115282201417093,-0.0849939654282818,-0.6909636628873884,0.041965451408823,-0.1452836589222825,-1.0159372919832852,-0.5773502691896258,-0.1802503992658268,0.2703174669853378,-0.5822002134108877,0.2834342069207702,-1.5066548555962067,-1.919665488339146,-1.215861734311083,0.4192979391431046,-0.0858147358910365,-0.5943225179210394,-0.428029577510481,-0.9329128857739803,0.6590382421221676,-0.089449632972535,1.1478791862428053,-0.1751566857343888,-0.1596579418492772,0.6371896697669506,-1.0516381818582847,-1.457889544486177,-0.1393334378506287,-0.1225960992890365,-0.7744677634880877,-0.4710974272949652,0.0912094123958148,-0.869562740380428
85,37.0,,,,,,-1.7431318234970152,,,-0.8353290293182819,,,-0.8474390910124303,-1.3917097210975746,-0.1429635783882428,-0.8464297680605796,-0.9330409891363706,-0.0016254950665245,0.0284061542796103,-0.8070411612927711,-0.5955152712493994,-0.5598230050486463,-1.0159372919832852,-0.5773502691896258,-0.5545047015565717,-0.3768912872095873,-0.5822002134108877,-0.3640259097536691,-1.3183590075478873,0.1703609543940456,,-0.269958947119533,-0.734416827720254,-0.5943225179210394,-0.5584425103226625,-0.9329128857739803,-0.0899961159788101,-0.7283484750767444,-0.1058197950078602,-0.5665804428780665,-0.583226036714252,-0.6148660519802771,-1.1209566829416735,-1.3106384581049455,-0.5430667750562499,-0.5390589801143929,-0.9225792891551816,-0.6020522940884275,-2.424859286555276,-0.869562740380428
86,21.0,,,,,,-1.2057317949276047,,,-0.8353290293182819,,,-0.8474390910124303,-0.1983547669216537,-0.8698604776369172,-0.8464297680605796,-0.9330409891363706,-1.09037500411948,-1.089646787838892,-0.8070411612927711,0.1230113972013891,0.2298796612348665,-1.0159372919832852,-0.5773502691896258,0.2391281153582146,-0.3779870031496357,-0.5822002134108877,-0.4072420743446011,-0.8671814323619011,-1.1492518694653453,,-0.269958947119533,0.3322431067100534,-0.5943225179210394,-0.6426390670649179,-0.9329128857739803,-0.3441096393430894,0.4012579934877569,0.6364378070606252,0.4057735131686388,0.4435373259046263,2.0000590098981363,-0.7239507221913553,-0.8019843382764449,0.4614461911538092,0.5066812283162927,-0.6591077738743635,-0.6021092929423084,0.77689663451638,-0.869562740380428
87,21.0,,,,,,,,,-0.8353290293182819,,,-0.4558108795045497,-0.8306294798586118,-0.7621731250028903,-1.050405977983542,-0.9330409891363706,-0.690997332381627,-0.6668782411554035,-0.5532743057427548,-1.1443729921856969,-1.058318366369907,-1.0159372919832852,-0.5773502691896258,-1.0416172346935952,-1.1370852393521076,-0.5822002134108877,-1.134278527395714,-1.1443997266778207,-0.7274522347432077,,-0.9592158333821706,-1.1578755919623027,-0.5943225179210394,-0.4541433913540456,-0.9329128857739803,-0.9022944680802586,-1.1042656198982943,-0.6970251304892816,-0.9724413387283504,-1.00453750880424,-0.6148660519802771,-0.9661153558463114,-1.1692255205229702,-0.927197246592296,-0.927983084901606,-1.2620116689954242,-0.5837556619923652,-0.2468015935863934,-0.869562740380428
88,7.0,,,,,,,,,-0.8353290293182819,,,-0.4558108795045497,-0.8306294798586118,-0.7621731250028903,-1.050405977983542,-0.9330409891363706,-0.690997332381627,-0.6668782411554035,-0.5532743057427548,-1.1443729921856969,-1.058318366369907,-1.0159372919832852,-0.5773502691896258,-1.0416172346935952,-1.1370852393521076,-0.5822002134108877,-1.134278527395714,-1.1443997266778207,-0.7274522347432077,,-0.9592158333821706,-1.1578755919623027,-0.5943225179210394,-0.4541433913540456,-0.9329128857739803,-0.9022944680802586,-1.1042656198982943,-0.6970251304892816,-0.9724413387283504,-1.00453750880424,-0.6148660519802771,-0.9661153558463114,-1.1692255205229702,-0.927197246592296,-0.927983084901606,-1.2620116689954242,-0.5837556619923652,-0.2468015935863934,-0.869562740380428
89,0.0,,,,,,,,,-0.8353290293182819,,,-0.4558108795045497,-0.8306294798586118,-0.7621731250028903,-1.050405977983542,-0.9330409891363706,-0.690997332381627,-0.6668782411554035,-0.5532743057427548,-1.1443729921856969,-1.058318366369907,-1.0159372919832852,-0.5773502691896258,-1.0416172346935952,-1.1370852393521076,-0.5822002134108877,-1.134278527395714,-1.1443997266778207,-0.7274522347432077,,-0.9592158333821706,-1.1578755919623027,-0.5943225179210394,-0.4541433913540456,-0.9329128857739803,-0.9022944680802586,-1.1042656198982943,-0.6970251304892816,-0.9724413387283504,-1.00453750880424,-0.6148660519802771,-0.9661153558463114,-1.1692255205229702,-0.927197246592296,-0.927983084901606,-1.2620116689954242,-0.5837556619923652,-0.2468015935863934,-0.869562740380428
90,2.0,,,,,,,,,-0.8353290293182819,,,-0.4558108795045497,-0.8306294798586118,-0.7621731250028903,-1.050405977983542,-0.9330409891363706,-0.690997332381627,-0.6668782411554035,-0.5532743057427548,-1.1443729921856969,-1.058318366369907,-1.0159372919832852,-0.5773502691896258,-1.0416172346935952,-1.1370852393521076,-0.5822002134108877,-1.134278527395714,-1.1443997266778207,-0.7274522347432077,,-0.9592158333821706,-1.1578755919623027,-0.5943225179210394,-0.4541433913540456,-0.9329128857739803,-0.9022944680802586,-1.1042656198982943,-0.6970251304892816,-0.9724413387283504,-1.00453750880424,-0.6148660519802771,-0.9661153558463114,-1.1692255205229702,-0.927197246592296,-0.927983084901606,-1.2620116689954242,-0.5837556619923652,-0.2468015935863934,-0.869562740380428
91,14.0,,,-5.385164807134503,,,0.0964822363812426,,,1.0209577025001226,0.4491505124984331,0.4491505124984329,0.9817298968726204,0.8990571611088747,0.1868246988215526,1.08669898905092,-0.9330409891363706,1.1171625122597637,1.1714213762019303,1.3210836034479687,0.8027349301480341,0.828642486453509,-1.0159372919832852,1.7320508075688774,0.7364484512852228,1.0541834864022883,1.7303547573151337,1.0677329776588067,1.0461026839905505,0.053848106788136,0.565670801844197,1.1085548254057422,0.6714463888701913,1.7005805341922513,1.5743417566407572,-0.9329128857739803,1.273020025090319,0.6499357889879307,-0.228078086104077,0.6261804974228308,0.6802570550007151,-0.6126980815445847,1.4564312209770622,0.932291819475838,0.6305878572317279,0.6556187507947728,1.117744125179477,1.6489179439851185,-0.1281365882521601,-0.869562740380428
92,86.0,,,,,,,,,-0.8353290293182819,,,-0.4558108795045497,-0.8306294798586118,-0.7621731250028903,-1.050405977983542,-0.9330409891363706,-0.690997332381627,-0.6668782411554035,-0.5532743057427548,-1.1443729921856969,-1.058318366369907,-1.0159372919832852,-0.5773502691896258,-1.0416172346935952,-1.1370852393521076,-0.5822002134108877,-1.134278527395714,-1.1443997266778207,-0.7274522347432077,,-0.9592158333821706,-1.1578755919623027,-0.5943225179210394,-0.4541433913540456,-0.9329128857739803,-0.9022944680802586,-1.1042656198982943,-0.6970251304892816,-0.9724413387283504,-1.00453750880424,-0.6148660519802771,-0.9661153558463114,-1.1692255205229702,-0.927197246592296,-0.927983084901606,-1.2620116689954242,-0.5837556619923652,-0.2468015935863934,-0.869562740380428
93,67.0,,,,,,,,,-0.8353290293182819,,,-0.4558108795045497,-0.8306294798586118,-0.7621731250028903,-1.050405977983542,-0.0840803037175177,-0.690997332381627,-0.6668782411554035,-0.5532743057427548,-1.1443729921856969,-1.058318366369907,0.8192484262254859,-0.5773502691896258,-1.0416172346935952,-1.1370852393521076,-0.5822002134108877,-1.134278527395714,-1.1443997266778207,-0.7274522347432077,,-0.9592158333821706,-1.1578755919623027,-0.5943225179210394,-0.4541433913540456,-0.1248241266296101,-0.9022944680802586,-1.1042656198982943,-0.6970251304892816,-0.9724413387283504,-1.00453750880424,-0.6148660519802771,-0.9661153558463114,-1.1692255205229702,-0.927197246592296,-0.927983084901606,-1.2620116689954242,-0.5837556619923652,-0.2468015935863934,-0.1221593828183197
94,69.0,,,,,,,,,-0.8353290293182819,,,-0.4558108795045497,-0.8306294798586118,-0.7621731250028903,-1.050405977983542,0.26885139053532,-0.690997332381627,-0.6668782411554035,-0.5532743057427548,-1.1443729921856969,-1.058318366369907,0.6054826251675923,-0.5773502691896258,-1.0416172346935952,-1.1370852393521076,-0.5822002134108877,-1.134278527395714,-1.1443997266778207,-0.7274522347432077,,-0.9592158333821706,-1.1578755919623027,-0.5943225179210394,-0.4541433913540456,0.3439883439314612,-0.9022944680802586,-1.1042656198982943,-0.6970251304892816,-0.9724413387283504,-1.00453750880424,-0.6148660519802771,-0.9661153558463114,-1.1692255205229702,-0.927197246592296,-0.927983084901606,-1.2620116689954242,-0.5837556619923652,-0.2468015935863934,0.2931849861712911
95,88.0,,,,0.8164965809277303,0.8164965809277303,,,,-0.8353290293182819,,,-0.4558108795045497,-0.8306294798586118,-0.7621731250028903,-1.050405977983542,1.0137353492090444,-0.690997332381627,-0.6668782411554035,-0.5532743057427548,-1.1443729921856969,-1.058318366369907,0.2773949298472863,-0.5773502691896258,-1.0416172346935952,-1.1370852393521076,-0.5822002134108877,-1.134278527395714,-1.1443997266778207,-0.7274522347432077,,-0.9592158333821706,-1.1578755919623027,-0.5943225179210394,-0.4541433913540456,0.3113582063428668,-0.9022944680802586,-1.1042656198982943,-0.6970251304892816,-0.9724413387283504,-1.00453750880424,-0.6148660519802771,-0.9661153558463114,-1.1692255205229702,-0.927197246592296,-0.927983084901606,-1.2620116689954242,-0.5837556619923652,-0.2468015935863934,0.5287417762677529
96,80.0,,,,,,,,,-0.8353290293182819,,,-0.4558108795045497,-0.8306294798586118,-0.7621731250028903,-1.050405977983542,2.024633708569158,-0.690997332381627,-0.6668782411554035,-0.5532743057427548,-1.1443729921856969,-1.058318366369907,1.1151940542823269,-0.5773502691896258,-1.0416172346935952,-1.1370852393521076,-0.5822002134108877,-1.134278527395714,-1.1443997266778207,-0.7274522347432077,,-0.9592158333821706,-1.1578755919623027,-0.5943225179210394,-0.4541433913540456,0.9697305621506996,-0.9022944680802586,-1.1042656198982943,-0.6970251304892816,-0.9724413387283504,-1.00453750880424,-0.6148660519802771,-0.9661153558463114,-1.1692255205229702,-0.927197246592296,-0.927983084901606,-1.2620116689954242,-0.5837556619923652,-0.2468015935863934,1.187355983662514
97,84.0,,,,,,,,,-0.8353290293182819,,,-0.4558108795045497,-0.8306294798586118,-0.7621731250028903,-1.050405977983542,2.1275786831007637,-0.690997332381627,-0.6668782411554035,-0.5532743057427548,-1.1443729921856969,-1.058318366369907,1.297449400752238,-0.5773502691896258,-1.0416172346935952,-1.1370852393521076,-0.5822002134108877,-1.134278527395714,-1.1443997266778207,-0.7274522347432077,,-0.9592158333821706,-1.1578755919623027,-0.5943225179210394,-0.4541433913540456,2.7482364524868546,-0.9022944680802586,-1.1042656198982943,-0.6970251304892816,-0.9724413387283504,-1.00453750880424,-0.6148660519802771,-0.9661153558463114,-1.1692255205229702,-0.927197246592296,-0.927983084901606,-1.2620116689954242,-0.5837556619923652,-0.2468015935863934,2.966515204090896
98,79.0,,,,,,,,,-0.8353290293182819,,,-0.4558108795045497,-0.8306294798586118,-0.7621731250028903,-1.050405977983542,1.6937694077083212,-0.690997332381627,-0.6668782411554035,-0.5532743057427548,-1.1443729921856969,-1.058318366369907,1.1151940542823269,-0.5773502691896258,-1.0416172346935952,-1.1370852393521076,-0.5822002134108877,-1.134278527395714,-1.1443997266778207,-0.7274522347432077,,-0.9592158333821706,-1.1578755919623027,-0.5943225179210394,-0.4541433913540456,0.9697305621506996,-0.9022944680802586,-1.1042656198982943,-0.6970251304892816,-0.9724413387283504,-1.00453750880424,-0.6148660519802771,-0.9661153558463114,-1.1692255205229702,-0.927197246592296,-0.927983084901606,-1.2620116689954242,-0.5837556619923652,-0.2468015935863934,1.187355983662514
99,82.0,,,,,,,,,-0.8353290293182819,,,-0.4558108795045497,-0.8306294798586118,-0.7621731250028903,-1.050405977983542,1.955993134501326,-0.690997332381627,-0.6668782411554035,-0.5532743057427548,-1.1443729921856969,-1.058318366369907,1.297449400752238,-0.5773502691896258,-1.0416172346935952,-1.1370852393521076,-0.5822002134108877,-1.134278527395714,-1.1443997266778207,-0.7274522347432077,,-0.9592158333821706,-1.1578755919623027,-0.5943225179210394,-0.4541433913540456,2.7482364524868546,-0.9022944680802586,-1.1042656198982943,-0.6970251304892816,-0.9724413387283504,-1.00453750880424,-0.6148660519802771,-0.9661153558463114,-1.1692255205229702,-0.927197246592296,-0.927983084901606,-1.2620116689954242,-0.5837556619923652,-0.2468015935863934,2.966515204090896
100,90.0,,,,,,,,,-0.8353290293182819,,,-0.4558108795045497,-0.8306294798586118,-0.7621731250028903,-1.050405977983542,2.840661482475049,-0.690997332381627,-0.6668782411554035,-0.5532743057427548,-1.1443729921856969,-1.058318366369907,1.2987126261032038,-0.5773502691896258,-1.0416172346935952,-1.1370852393521076,-0.5822002134108877,-1.134278527395714,-1.1443997266778207,-0.7274522347432077,,-0.9592158333821706,-1.1578755919623027,-0.5943225179210394,-0.4541433913540456,1.7599506915254497,-0.9022944680802586,-1.1042656198982943,-0.6970251304892816,-0.9724413387283504,-1.00453750880424,-0.6148660519802771,-0.9661153558463114,-1.1692255205229702,-0.927197246592296,-0.927983084901606,-1.2620116689954242,-0.5837556619923652,-0.2468015935863934,1.5426974724101712
101,65.0,,,,,,,,,-0.8353290293182819,,,-0.4558108795045497,-0.8306294798586118,-0.7621731250028903,-1.050405977983542,1.1996668758129163,-0.690997332381627,-0.6668782411554035,-0.5532743057427548,-1.1443729921856969,-1.058318366369907,0.81489731668327,-0.5773502691896258,-1.0416172346935952,-1.1370852393521076,-0.5822002134108877,-1.134278527395714,-1.1443997266778207,-0.7274522347432077,,-0.9592158333821706,-1.1578755919623027,-0.5943225179210394,-0.4541433913540456,1.1198340164543652,-0.9022944680802586,-1.1042656198982943,-0.6970251304892816,-0.9724413387283504,-1.00453750880424,-0.6148660519802771,-0.9661153558463114,-1.1692255205229702,-0.927197246592296,-0.927983084901606,-1.2620116689954242,-0.5837556619923652,-0.2468015935863934,1.184258438467154
102,80.0,,,,,,,,,-0.8353290293182819,,,-0.4558108795045497,-0.8306294798586118,-0.7621731250028903,-1.050405977983542,0.8868153990210969,-0.690997332381627,-0.6668782411554035,-0.5532743057427548,-1.1443729921856969,-1.058318366369907,1.1950579681378364,-0.5773502691896258,-1.0416172346935952,-1.1370852393521076,-0.5822002134108877,-1.134278527395714,-1.1443997266778207,-0.7274522347432077,,-0.9592158333821706,-1.1578755919623027,-0.5943225179210394,-0.4541433913540456,1.0512469779472602,-0.9022944680802586,-1.1042656198982943,-0.6970251304892816,-0.9724413387283504,-1.00453750880424,-0.6148660519802771,-0.9661153558463114,-1.1692255205229702,-0.927197246592296,-0.927983084901606,-1.2620116689954242,-0.5837556619923652,-0.2468015935863934,0.9113033453502416
103,76.0,,,,,,,,,-0.8353290293182819,,,-0.4558108795045497,-0.8306294798586118,-0.7621731250028903,-1.050405977983542,0.6830474726625463,-0.690997332381627,-0.6668782411554035,-0.5532743057427548,-1.1443729921856969,-1.058318366369907,0.6146059193690127,-0.5773502691896258,-1.0416172346935952,-1.1370852393521076,-0.5822002134108877,-1.134278527395714,-1.1443997266778207,-0.7274522347432077,,-0.9592158333821706,-1.1578755919623027,-0.5943225179210394,-0.4541433913540456,0.8228601218077495,-0.9022944680802586,-1.1042656198982943,-0.6970251304892816,-0.9724413387283504,-1.00453750880424,-0.6148660519802771,-0.9661153558463114,-1.1692255205229702,-0.927197246592296,-0.927983084901606,-1.2620116689954242,-0.5837556619923652,-0.2468015935863934,0.4777381222702773
104,89.0,,,,,,,0.7071067811865511,0.7071067811865511,-0.8353290293182819,,,-0.4558108795045497,-0.8306294798586118,-0.7621731250028903,-1.050405977983542,,-0.690997332381627,-0.6668782411554035,-0.5532743057427548,-1.1443729921856969,-1.058318366369907,-0.9884972301928594,-0.5773502691896258,-1.0416172346935952,-1.1370852393521076,-0.5822002134108877,-1.134278527395714,-1.1443997266778207,-0.7274522347432077,,-0.9592158333821706,-1.1578755919623027,-0.5943225179210394,-0.4541433913540456,1.1617105203995373,-0.9022944680802586,-1.1042656198982943,-0.6970251304892816,-0.9724413387283504,-1.00453750880424,-0.6148660519802771,-0.9661153558463114,-1.1692255205229702,-0.927197246592296,-0.927983084901606,-1.2620116689954242,-0.5837556619923652,-0.2468015935863934,0.7055470300722897
105,94.0,,,,,,,,,-0.8353290293182819,,,-0.4558108795045497,-0.8306294798586118,-0.7621731250028903,-1.050405977983542,-0.9330409891363706,-0.690997332381627,-0.6668782411554035,-0.5532743057427548,-1.1443729921856969,-1.058318366369907,-1.0159372919832852,-0.5773502691896258,-1.0416172346935952,-1.1370852393521076,-0.5822002134108877,-1.134278527395714,-1.1443997266778207,-0.7274522347432077,,-0.9592158333821706,-1.1578755919623027,-0.5943225179210394,-0.4541433913540456,-0.9329128857739803,-0.9022944680802586,-1.1042656198982943,-0.6970251304892816,-0.9724413387283504,-1.00453750880424,-0.6148660519802771,-0.9661153558463114,-1.1692255205229702,-0.927197246592296,-0.927983084901606,-1.2620116689954242,-0.5837556619923652,-0.2468015935863934,-0.869562740380428
106,99.0,,,0.1856953381770524,,,1.436596276971814,,,1.4850293854547236,0.7858131084426243,0.785813108442624,1.3716861074774978,0.8990571611088747,1.2637079171204788,1.390325891608135,,1.166358399767672,1.1941110302463294,1.533099853547439,1.580479633936302,1.3111483551721694,-1.0259027364186826,1.7320508075688774,1.2338641872383058,1.5323160527548594,1.7303547573151337,1.525958272338394,1.0987147591805215,0.4973736279534784,1.0872971848070154,1.7978117116683798,1.5598372522454964,1.7005805341922513,1.6715561862033843,0.4037642810104196,1.8910016032612464,1.5374203327008318,0.8431042440513812,1.2320844134569358,1.2753284807646672,0.752341475623781,1.1530502487030092,0.9982412781340988,1.2506489934521414,1.25613516733068,1.110447990910162,1.6489179439851185,1.8100740045583923,-0.0526776391433324
107,80.0,,,0.1856953381770524,0.8164965809277303,0.8164965809277303,1.436596276971814,,,1.4850293854547236,0.7858131084426243,0.785813108442624,1.3716861074774978,0.8990571611088747,1.2637079171204788,1.390325891608135,1.0137353492090444,1.166358399767672,1.1941110302463294,1.533099853547439,1.580479633936302,1.3111483551721694,0.2773949298472863,1.7320508075688774,1.2338641872383058,1.5323160527548594,1.7303547573151337,1.525958272338394,1.0987147591805215,0.4973736279534784,1.0872971848070154,1.7978117116683798,1.5598372522454964,1.7005805341922513,1.6715561862033843,0.3113582063428668,1.8910016032612464,1.5374203327008318,0.8431042440513812,1.2320844134569358,1.2753284807646672,0.752341475623781,1.1530502487030092,0.9982412781340988,1.2506489934521414,1.25613516733068,1.110447990910162,1.6489179439851185,1.8100740045583923,0.5287417762677529
108,97.0,,,0.1856953381770524,,,1.436596276971814,,,1.4850293854547236,0.7858131084426243,0.785813108442624,1.3716861074774978,0.8990571611088747,1.2637079171204788,1.390325891608135,2.024633708569158,1.166358399767672,1.1941110302463294,1.533099853547439,1.580479633936302,1.3111483551721694,1.1151940542823269,1.7320508075688774,1.2338641872383058,1.5323160527548594,1.7303547573151337,1.525958272338394,1.0987147591805215,0.4973736279534784,1.0872971848070154,1.7978117116683798,1.5598372522454964,1.7005805341922513,1.6715561862033843,0.9697305621506996,1.8910016032612464,1.5374203327008318,0.8431042440513812,1.2320844134569358,1.2753284807646672,0.752341475623781,1.1530502487030092,0.9982412781340988,1.2506489934521414,1.25613516733068,1.110447990910162,1.6489179439851185,1.8100740045583923,1.187355983662514
109,98.0,,,0.1856953381770524,,,1.436596276971814,,,1.4850293854547236,0.7858131084426243,0.785813108442624,1.3716861074774978,0.8990571611088747,1.2637079171204788,1.390325891608135,2.1275786831007637,1.166358399767672,1.1941110302463294,1.533099853547439,1.580479633936302,1.3111483551721694,1.297449400752238,1.7320508075688774,1.2338641872383058,1.5323160527548594,1.7303547573151337,1.525958272338394,1.0987147591805215,0.4973736279534784,1.0872971848070154,1.7978117116683798,1.5598372522454964,1.7005805341922513,1.6715561862033843,2.7482364524868546,1.8910016032612464,1.5374203327008318,0.8431042440513812,1.2320844134569358,1.2753284807646672,0.752341475623781,1.1530502487030092,0.9982412781340988,1.2506489934521414,1.25613516733068,1.110447990910162,1.6489179439851185,1.8100740045583923,2.966515204090896
110,99.0,,,0.1856953381770524,,,1.436596276971814,,,1.4850293854547236,0.7858131084426243,0.785813108442624,1.3716861074774978,0.8990571611088747,1.2637079171204788,1.390325891608135,1.1996668758129163,1.166358399767672,1.1941110302463294,1.533099853547439,1.580479633936302,1.3111483551721694,0.81489731668327,1.7320508075688774,1.2338641872383058,1.5323160527548594,1.7303547573151337,1.525958272338394,1.0987147591805215,0.4973736279534784,1.0872971848070154,1.7978117116683798,1.5598372522454964,1.7005805341922513,1.6715561862033843,1.1198340164543652,1.8910016032612464,1.5374203327008318,0.8431042440513812,1.2320844134569358,1.2753284807646672,0.752341475623781,1.1530502487030092,0.9982412781340988,1.2506489934521414,1.25613516733068,1.110447990910162,1.6489179439851185,1.8100740045583923,1.184258438467154
111,75.0,,,0.1856953381770524,,,1.436596276971814,,,1.4850293854547236,0.7858131084426243,0.785813108442624,1.3716861074774978,0.8990571611088747,1.2637079171204788,1.390325891608135,-0.0840803037175177,1.166358399767672,1.1941110302463294,1.533099853547439,1.580479633936302,1.3111483551721694,0.8192484262254859,1.7320508075688774,1.2338641872383058,1.5323160527548594,1.7303547573151337,1.525958272338394,1.0987147591805215,0.4973736279534784,1.0872971848070154,1.7978117116683798,1.5598372522454964,1.7005805341922513,1.6715561862033843,-0.1248241266296101,1.8910016032612464,1.5374203327008318,0.8431042440513812,1.2320844134569358,1.2753284807646672,0.752341475623781,1.1530502487030092,0.9982412781340988,1.2506489934521414,1.25613516733068,1.110447990910162,1.6489179439851185,1.8100740045583923,-0.1221593828183197
112,95.0,,,0.1856953381770524,,,1.436596276971814,,,1.4850293854547236,0.7858131084426243,0.785813108442624,1.3716861074774978,0.8990571611088747,1.2637079171204788,1.390325891608135,0.26885139053532,1.166358399767672,1.1941110302463294,1.533099853547439,1.580479633936302,1.3111483551721694,0.6054826251675923,1.7320508075688774,1.2338641872383058,1.5323160527548594,1.7303547573151337,1.525958272338394,1.0987147591805215,0.4973736279534784,1.0872971848070154,1.7978117116683798,1.5598372522454964,1.7005805341922513,1.6715561862033843,0.3439883439314612,1.8910016032612464,1.5374203327008318,0.8431042440513812,1.2320844134569358,1.2753284807646672,0.752341475623781,1.1530502487030092,0.9982412781340988,1.2506489934521414,1.25613516733068,1.110447990910162,1.6489179439851185,1.8100740045583923,0.2931849861712911
113,95.0,,,0.1856953381770524,,,1.436596276971814,,,1.4850293854547236,0.7858131084426243,0.785813108442624,1.3716861074774978,0.8990571611088747,1.2637079171204788,1.390325891608135,1.6937694077083212,1.166358399767672,1.1941110302463294,1.533099853547439,1.580479633936302,1.3111483551721694,1.1151940542823269,1.7320508075688774,1.2338641872383058,1.5323160527548594,1.7303547573151337,1.525958272338394,1.0987147591805215,0.4973736279534784,1.0872971848070154,1.7978117116683798,1.5598372522454964,1.7005805341922513,1.6715561862033843,0.9697305621506996,1.8910016032612464,1.5374203327008318,0.8431042440513812,1.2320844134569358,1.2753284807646672,0.752341475623781,1.1530502487030092,0.9982412781340988,1.2506489934521414,1.25613516733068,1.110447990910162,1.6489179439851185,1.8100740045583923,1.187355983662514
114,81.0,,,0.1856953381770524,,,1.436596276971814,,,1.4850293854547236,0.7858131084426243,0.785813108442624,1.3716861074774978,0.8990571611088747,1.2637079171204788,1.390325891608135,1.6937694077083212,1.166358399767672,1.1941110302463294,1.533099853547439,1.580479633936302,1.3111483551721694,1.1151940542823269,1.7320508075688774,1.2338641872383058,1.5323160527548594,1.7303547573151337,1.525958272338394,1.0987147591805215,0.4973736279534784,1.0872971848070154,1.7978117116683798,1.5598372522454964,1.7005805341922513,1.6715561862033843,0.9697305621506996,1.8910016032612464,1.5374203327008318,0.8431042440513812,1.2320844134569358,1.2753284807646672,0.752341475623781,1.1530502487030092,0.9982412781340988,1.2506489934521414,1.25613516733068,1.110447990910162,1.6489179439851185,1.8100740045583923,1.187355983662514
115,95.0,,,0.1856953381770524,,,1.436596276971814,,,1.4850293854547236,0.7858131084426243,0.785813108442624,1.3716861074774978,0.8990571611088747,1.2637079171204788,1.390325891608135,1.955993134501326,1.166358399767672,1.1941110302463294,1.533099853547439,1.580479633936302,1.3111483551721694,1.297449400752238,1.7320508075688774,1.2338641872383058,1.5323160527548594,1.7303547573151337,1.525958272338394,1.0987147591805215,0.4973736279534784,1.0872971848070154,1.7978117116683798,1.5598372522454964,1.7005805341922513,1.6715561862033843,2.7482364524868546,1.8910016032612464,1.5374203327008318,0.8431042440513812,1.2320844134569358,1.2753284807646672,0.752341475623781,1.1530502487030092,0.9982412781340988,1.2506489934521414,1.25613516733068,1.110447990910162,1.6489179439851185,1.8100740045583923,2.966515204090896
116,89.0,,,0.1856953381770524,,,1.436596276971814,,,1.4850293854547236,0.7858131084426243,0.785813108442624,1.3716861074774978,0.8990571611088747,1.2637079171204788,1.390325891608135,0.2548475734999155,1.166358399767672,1.1941110302463294,1.533099853547439,1.580479633936302,1.3111483551721694,0.6054826251675923,1.7320508075688774,1.2338641872383058,1.5323160527548594,1.7303547573151337,1.525958272338394,1.0987147591805215,0.4973736279534784,1.0872971848070154,1.7978117116683798,1.5598372522454964,1.7005805341922513,1.6715561862033843,0.3439883439314612,1.8910016032612464,1.5374203327008318,0.8431042440513812,1.2320844134569358,1.2753284807646672,0.752341475623781,1.1530502487030092,0.9982412781340988,1.2506489934521414,1.25613516733068,1.110447990910162,1.6489179439851185,1.8100740045583923,0.2931849861712911
117,99.0,,,0.1856953381770524,,,1.436596276971814,,,1.4850293854547236,0.7858131084426243,0.785813108442624,1.3716861074774978,0.8990571611088747,1.2637079171204788,1.390325891608135,-0.264162935238044,1.166358399767672,1.1941110302463294,1.533099853547439,1.580479633936302,1.3111483551721694,1.9077276036410893,1.7320508075688774,1.2338641872383058,1.5323160527548594,1.7303547573151337,1.525958272338394,1.0987147591805215,0.4973736279534784,1.0872971848070154,1.7978117116683798,1.5598372522454964,1.7005805341922513,1.6715561862033843,-0.0027597693771193,1.8910016032612464,1.5374203327008318,0.8431042440513812,1.2320844134569358,1.2753284807646672,0.752341475623781,1.1530502487030092,0.9982412781340988,1.2506489934521414,1.25613516733068,1.110447990910162,1.6489179439851185,1.8100740045583923,-0.433202759827487
118,83.0,,,0.1856953381770524,,,1.436596276971814,-1.4142135623730914,-1.4142135623730914,1.4850293854547236,0.7858131084426243,0.785813108442624,1.3716861074774978,0.8990571611088747,1.2637079171204788,1.390325891608135,,1.166358399767672,1.1941110302463294,1.533099853547439,1.580479633936302,1.3111483551721694,-0.7425893618715005,1.7320508075688774,1.2338641872383058,1.5323160527548594,1.7303547573151337,1.525958272338394,1.0987147591805215,0.4973736279534784,1.0872971848070154,1.7978117116683798,1.5598372522454964,1.7005805341922513,1.6715561862033843,1.1617105203995373,1.8910016032612464,1.5374203327008318,0.8431042440513812,1.2320844134569358,1.2753284807646672,0.752341475623781,1.1530502487030092,0.9982412781340988,1.2506489934521414,1.25613516733068,1.110447990910162,1.6489179439851185,1.8100740045583923,0.7055470300722897
119,99.0,,,0.1856953381770524,,,1.436596276971814,,,1.4850293854547236,0.7858131084426243,0.785813108442624,1.3716861074774978,0.8990571611088747,1.2637079171204788,1.390325891608135,-0.9330409891363706,1.166358399767672,1.1941110302463294,1.533099853547439,1.580479633936302,1.3111483551721694,-1.0159372919832852,1.7320508075688774,1.2338641872383058,1.5323160527548594,1.7303547573151337,1.525958272338394,1.0987147591805215,0.4973736279534784,1.0872971848070154,1.7978117116683798,1.5598372522454964,1.7005805341922513,1.6715561862033843,-0.9329128857739803,1.8910016032612464,1.5374203327008318,0.8431042440513812,1.2320844134569358,1.2753284807646672,0.752341475623781,1.1530502487030092,0.9982412781340988,1.2506489934521414,1.25613516733068,1.110447990910162,1.6489179439851185,1.8100740045583923,-0.869562740380428
