,yield,R2_C,under_O2,solvent_CH3CN,solvent_toluene,organocatalyst(mol%),temp(â„ƒ),time(h),52_R1-,170_R1-,208_R1-,704_R1-,830_R1-,1013_R1-,1073_R1-,1084_R1-,1177_R1-,1219_R1-,1339_R1-,1344_R1-,1363_R1-,1451_R1-,1671_R1-,1685_R1-,1698_R1-,2020_R1-,35_organocatalyst,36_organocatalyst,37_organocatalyst,41_organocatalyst,51_organocatalyst,96_organocatalyst,97_organocatalyst,119_organocatalyst,120_organocatalyst,149_organocatalyst,152_organocatalyst,156_organocatalyst,166_organocatalyst,170_organocatalyst,173_organocatalyst,176_organocatalyst,184_organocatalyst,197_organocatalyst,204_organocatalyst,205_organocatalyst,206_organocatalyst,239_organocatalyst,242_organocatalyst,253_organocatalyst,279_organocatalyst,281_organocatalyst,288_organocatalyst,291_organocatalyst,327_organocatalyst,342_organocatalyst,344_organocatalyst,371_organocatalyst,385_organocatalyst,390_organocatalyst,407_organocatalyst,408_organocatalyst,413_organocatalyst,421_organocatalyst,425_organocatalyst,427_organocatalyst,437_organocatalyst,443_organocatalyst,445_organocatalyst,461_organocatalyst,464_organocatalyst,469_organocatalyst,473_organocatalyst,474_organocatalyst,501_organocatalyst,508_organocatalyst,527_organocatalyst,537_organocatalyst,559_organocatalyst,579_organocatalyst,585_organocatalyst,594_organocatalyst,599_organocatalyst,605_organocatalyst,618_organocatalyst,649_organocatalyst,663_organocatalyst,691_organocatalyst,694_organocatalyst,697_organocatalyst,698_organocatalyst,720_organocatalyst,728_organocatalyst,759_organocatalyst,765_organocatalyst,766_organocatalyst,778_organocatalyst,781_organocatalyst,786_organocatalyst,803_organocatalyst,804_organocatalyst,834_organocatalyst,837_organocatalyst,849_organocatalyst,859_organocatalyst,863_organocatalyst,864_organocatalyst,868_organocatalyst,873_organocatalyst,893_organocatalyst,896_organocatalyst,905_organocatalyst,914_organocatalyst,924_organocatalyst,929_organocatalyst,942_organocatalyst,946_organocatalyst,952_organocatalyst,959_organocatalyst,968_organocatalyst,971_organocatalyst,974_organocatalyst,991_organocatalyst,1010_organocatalyst,1022_organocatalyst,1044_organocatalyst,1050_organocatalyst,1055_organocatalyst,1065_organocatalyst,1072_organocatalyst,1076_organocatalyst,1099_organocatalyst,1104_organocatalyst,1105_organocatalyst,1113_organocatalyst,1115_organocatalyst,1128_organocatalyst,1138_organocatalyst,1144_organocatalyst,1152_organocatalyst,1153_organocatalyst,1170_organocatalyst,1177_organocatalyst,1183_organocatalyst,1184_organocatalyst,1190_organocatalyst,1196_organocatalyst,1215_organocatalyst,1220_organocatalyst,1221_organocatalyst,1229_organocatalyst,1234_organocatalyst,1236_organocatalyst,1238_organocatalyst,1252_organocatalyst,1254_organocatalyst,1256_organocatalyst,1261_organocatalyst,1300_organocatalyst,1307_organocatalyst,1310_organocatalyst,1315_organocatalyst,1326_organocatalyst,1339_organocatalyst,1370_organocatalyst,1373_organocatalyst,1375_organocatalyst,1385_organocatalyst,1405_organocatalyst,1414_organocatalyst,1416_organocatalyst,1419_organocatalyst,1430_organocatalyst,1448_organocatalyst,1451_organocatalyst,1459_organocatalyst,1468_organocatalyst,1478_organocatalyst,1492_organocatalyst,1501_organocatalyst,1502_organocatalyst,1507_organocatalyst,1516_organocatalyst,1542_organocatalyst,1543_organocatalyst,1544_organocatalyst,1572_organocatalyst,1579_organocatalyst,1587_organocatalyst,1593_organocatalyst,1598_organocatalyst,1600_organocatalyst,1607_organocatalyst,1635_organocatalyst,1643_organocatalyst,1671_organocatalyst,1676_organocatalyst,1682_organocatalyst,1688_organocatalyst,1689_organocatalyst,1697_organocatalyst,1698_organocatalyst,1703_organocatalyst,1708_organocatalyst,1712_organocatalyst,1728_organocatalyst,1746_organocatalyst,1750_organocatalyst,1763_organocatalyst,1776_organocatalyst,1804_organocatalyst,1805_organocatalyst,1814_organocatalyst,1819_organocatalyst,1820_organocatalyst,1851_organocatalyst,1857_organocatalyst,1859_organocatalyst,1902_organocatalyst,1911_organocatalyst,1913_organocatalyst,1915_organocatalyst,1930_organocatalyst,1966_organocatalyst,1975_organocatalyst,1993_organocatalyst,1999_organocatalyst,2009_organocatalyst,2015_organocatalyst,2025_organocatalyst,SLogPR1-,ATS1sorganocatalyst,AATS0porganocatalyst,AATSC0iorganocatalyst,GATS4sorganocatalyst,BalabanJorganocatalyst
0,81.0,0,1,0,1,-0.5995257606846857,1.120490325006081,-0.171685708586216,0,0,0,0,0,0,0,0,0,0,0,0,0,0,0,0,0,0,0,0,0,1,0,1,1,0,0,0,1,0,0,1,1,1,0,1,0,1,0,0,0,0,0,0,0,0,0,0,0,0,1,0,1,0,1,0,0,0,1,0,1,1,1,0,0,1,0,1,0,0,0,0,0,0,0,1,0,0,0,0,1,0,0,1,0,1,1,1,0,1,1,0,0,1,1,1,0,0,0,1,0,1,0,0,1,0,1,0,0,1,1,1,0,1,0,0,0,0,0,1,1,1,0,0,1,0,0,1,0,0,0,0,0,0,0,0,0,1,0,1,0,1,1,0,0,1,0,0,0,0,0,0,0,1,0,1,1,0,0,0,0,0,1,0,0,1,1,0,0,1,1,1,0,0,1,0,1,0,1,1,1,0,1,0,0,0,0,0,1,1,0,0,0,0,0,0,1,0,1,1,0,0,0,1,0,0,0,1,0,0,1,0,0,1,0,1,0,0,0,0,1,0,-0.3897820659,-1.4668311326,1.3379897514,-0.3687454932,0.8258840844,0.2569932916
1,14.0,0,1,0,1,-0.5995257606846857,1.120490325006081,-0.8011999734023415,0,0,0,0,0,0,0,0,0,0,0,0,0,0,0,0,0,0,0,0,0,1,0,1,1,0,0,0,1,0,0,1,1,1,0,1,0,1,0,0,0,0,0,0,0,0,0,0,0,0,1,0,1,0,1,0,0,0,1,0,1,1,1,0,0,1,0,1,0,0,0,0,0,0,0,1,0,0,0,0,1,0,0,1,0,1,1,1,0,1,1,0,0,1,1,1,0,0,0,1,0,1,0,0,1,0,1,0,0,1,1,1,0,1,0,0,0,0,0,1,1,1,0,0,1,0,0,1,0,0,0,0,0,0,0,0,0,1,0,1,0,1,1,0,0,1,0,0,0,0,0,0,0,1,0,1,1,0,0,0,0,0,1,0,0,1,1,0,0,1,1,1,0,0,1,0,1,0,1,1,1,0,1,0,0,0,0,0,1,1,0,0,0,0,0,0,1,0,1,1,0,0,0,1,0,0,0,1,0,0,1,0,0,1,0,1,0,0,0,0,1,0,-0.3897820659,-1.4668311326,1.3379897514,-0.3687454932,0.8258840844,0.2569932916
2,74.0,0,1,0,1,-0.5995257606846857,1.120490325006081,-0.171685708586216,0,0,0,0,0,0,0,0,0,0,0,0,0,0,0,0,0,0,0,0,0,1,0,0,1,1,0,1,1,0,0,1,1,0,0,1,0,1,0,0,0,0,1,0,0,0,1,0,0,0,1,0,1,0,1,0,0,0,1,0,1,1,1,0,0,0,0,1,0,0,0,0,0,0,0,1,1,0,1,0,1,0,0,1,1,1,1,1,0,1,0,0,0,1,1,1,0,0,0,1,0,1,0,0,1,0,1,0,0,1,1,1,0,1,0,0,0,0,0,0,1,1,0,0,1,0,0,1,0,0,0,0,0,0,0,0,0,1,0,1,0,1,1,0,0,1,0,0,0,0,0,0,1,1,0,1,1,1,1,1,0,0,1,0,0,1,1,0,0,1,0,1,1,0,1,1,0,0,1,0,1,0,1,0,0,0,0,0,1,0,0,0,0,0,0,0,1,0,1,1,0,0,0,1,0,0,0,1,0,0,0,0,0,0,0,1,0,0,0,0,1,0,-0.3897820659,-0.9986513762,-0.3720619381,-0.017202958,-0.0468853768,0.2569932916
3,15.0,0,1,0,1,-0.5995257606846857,1.120490325006081,-0.8011999734023415,0,0,0,0,0,0,0,0,0,0,0,0,0,0,0,0,0,0,0,0,0,1,0,0,1,1,0,1,1,0,0,1,1,0,0,1,0,1,0,0,0,0,1,0,0,0,1,0,0,0,1,0,1,0,1,0,0,0,1,0,1,1,1,0,0,0,0,1,0,0,0,0,0,0,0,1,1,0,1,0,1,0,0,1,1,1,1,1,0,1,0,0,0,1,1,1,0,0,0,1,0,1,0,0,1,0,1,0,0,1,1,1,0,1,0,0,0,0,0,0,1,1,0,0,1,0,0,1,0,0,0,0,0,0,0,0,0,1,0,1,0,1,1,0,0,1,0,0,0,0,0,0,1,1,0,1,1,1,1,1,0,0,1,0,0,1,1,0,0,1,0,1,1,0,1,1,0,0,1,0,1,0,1,0,0,0,0,0,1,0,0,0,0,0,0,0,1,0,1,1,0,0,0,1,0,0,0,1,0,0,0,0,0,0,0,1,0,0,0,0,1,0,-0.3897820659,-0.9986513762,-0.3720619381,-0.017202958,-0.0468853768,0.2569932916
4,90.0,0,1,0,1,-0.5995257606846857,1.120490325006081,-0.171685708586216,0,0,0,0,0,0,0,0,0,0,0,0,0,0,0,0,0,0,0,1,0,1,1,0,1,0,0,0,1,0,1,1,1,1,0,1,0,1,0,0,1,1,0,0,0,1,0,0,0,0,1,1,1,0,1,0,1,0,1,1,1,1,0,0,0,0,0,1,0,0,0,1,0,0,1,1,0,1,1,0,1,0,0,1,1,1,1,1,0,1,0,1,0,1,1,1,0,1,0,1,1,1,1,0,1,0,1,0,1,1,1,1,0,1,0,0,0,1,0,0,1,1,1,0,1,0,0,1,0,0,0,0,0,0,1,0,0,1,1,1,0,1,1,1,0,1,0,1,0,0,1,0,0,1,1,1,1,0,0,0,0,0,1,1,0,1,1,1,0,1,0,1,0,0,1,0,0,1,1,0,1,0,1,1,1,0,0,1,1,0,0,0,0,1,0,0,1,0,1,1,0,0,0,1,0,1,0,1,0,0,0,1,1,0,1,1,0,0,0,1,1,0,-0.3897820659,-0.3713778983,-0.5955293361,-0.1756839051,0.2402510918,0.2156615419
5,81.0,0,1,0,1,-0.5995257606846857,1.120490325006081,-0.8011999734023415,0,0,0,0,0,0,0,0,0,0,0,0,0,0,0,0,0,0,0,1,0,1,1,0,1,0,0,0,1,0,1,1,1,1,0,1,0,1,0,0,1,1,0,0,0,1,0,0,0,0,1,1,1,0,1,0,1,0,1,1,1,1,0,0,0,0,0,1,0,0,0,1,0,0,1,1,0,1,1,0,1,0,0,1,1,1,1,1,0,1,0,1,0,1,1,1,0,1,0,1,1,1,1,0,1,0,1,0,1,1,1,1,0,1,0,0,0,1,0,0,1,1,1,0,1,0,0,1,0,0,0,0,0,0,1,0,0,1,1,1,0,1,1,1,0,1,0,1,0,0,1,0,0,1,1,1,1,0,0,0,0,0,1,1,0,1,1,1,0,1,0,1,0,0,1,0,0,1,1,0,1,0,1,1,1,0,0,1,1,0,0,0,0,1,0,0,1,0,1,1,0,0,0,1,0,1,0,1,0,0,0,1,1,0,1,1,0,0,0,1,1,0,-0.3897820659,-0.3713778983,-0.5955293361,-0.1756839051,0.2402510918,0.2156615419
6,43.0,0,1,0,1,-0.5995257606846857,1.120490325006081,-1.0110380616743833,0,0,0,0,0,0,0,0,0,0,0,0,0,0,0,0,0,0,0,1,0,1,1,0,1,0,0,0,1,0,1,1,1,1,0,1,0,1,0,0,1,1,0,0,0,1,0,0,0,0,1,1,1,0,1,0,1,0,1,1,1,1,0,0,0,0,0,1,0,0,0,1,0,0,1,1,0,1,1,0,1,0,0,1,1,1,1,1,0,1,0,1,0,1,1,1,0,1,0,1,1,1,1,0,1,0,1,0,1,1,1,1,0,1,0,0,0,1,0,0,1,1,1,0,1,0,0,1,0,0,0,0,0,0,1,0,0,1,1,1,0,1,1,1,0,1,0,1,0,0,1,0,0,1,1,1,1,0,0,0,0,0,1,1,0,1,1,1,0,1,0,1,0,0,1,0,0,1,1,0,1,0,1,1,1,0,0,1,1,0,0,0,0,1,0,0,1,0,1,1,0,0,0,1,0,1,0,1,0,0,0,1,1,0,1,1,0,0,0,1,1,0,-0.3897820659,-0.3713778983,-0.5955293361,-0.1756839051,0.2402510918,0.2156615419
7,88.0,0,1,0,1,-0.5995257606846857,1.120490325006081,-0.8011999734023415,0,0,0,0,0,0,0,0,0,0,0,0,0,0,0,0,0,0,0,1,0,1,1,0,1,0,1,0,1,0,1,1,1,1,1,1,0,1,0,0,1,1,0,0,0,1,0,1,1,0,1,1,1,0,1,0,1,0,1,1,1,1,0,1,1,0,0,1,0,1,1,1,1,0,1,1,0,1,1,0,1,1,0,1,1,1,1,1,1,1,0,1,0,1,1,1,0,1,0,1,1,1,1,1,1,0,1,0,1,1,1,1,0,1,0,0,0,1,0,0,1,1,1,0,1,0,1,1,0,1,0,1,0,0,1,0,1,1,1,1,0,1,1,1,1,1,1,1,0,0,1,0,0,1,1,1,1,1,1,0,0,1,1,1,1,1,1,1,0,1,1,1,0,0,1,0,0,1,1,0,1,0,1,1,1,0,1,1,1,0,0,0,0,1,0,0,1,0,1,1,0,0,1,1,0,1,0,1,1,0,0,1,1,0,1,1,0,1,1,1,1,0,-0.3897820659,0.659404761,-0.9060612462,-0.429138698,-0.9366949213,0.7761511907
8,95.0,0,1,0,1,-0.5995257606846857,1.120490325006081,-1.115957105810404,0,0,0,0,0,0,0,0,0,0,0,0,0,0,0,0,0,0,0,1,0,1,1,0,1,0,1,0,1,0,1,1,1,1,1,1,0,1,0,0,1,1,0,0,0,1,0,1,1,0,1,1,1,0,1,0,1,0,1,1,1,1,0,1,1,0,0,1,0,1,1,1,1,0,1,1,0,1,1,0,1,1,0,1,1,1,1,1,1,1,0,1,0,1,1,1,0,1,0,1,1,1,1,1,1,0,1,0,1,1,1,1,0,1,0,0,0,1,0,0,1,1,1,0,1,0,1,1,0,1,0,1,0,0,1,0,1,1,1,1,0,1,1,1,1,1,1,1,0,0,1,0,0,1,1,1,1,1,1,0,0,1,1,1,1,1,1,1,0,1,1,1,0,0,1,0,0,1,1,0,1,0,1,1,1,0,1,1,1,0,0,0,0,1,0,0,1,0,1,1,0,0,1,1,0,1,0,1,1,0,0,1,1,0,1,1,0,1,1,1,1,0,-0.3897820659,0.659404761,-0.9060612462,-0.429138698,-0.9366949213,0.7761511907
9,65.0,0,1,0,1,-0.5995257606846857,1.120490325006081,-1.325795194082446,0,0,0,0,0,0,0,0,0,0,0,0,0,0,0,0,0,0,0,1,0,1,1,0,1,0,1,0,1,0,1,1,1,1,1,1,0,1,0,0,1,1,0,0,0,1,0,1,1,0,1,1,1,0,1,0,1,0,1,1,1,1,0,1,1,0,0,1,0,1,1,1,1,0,1,1,0,1,1,0,1,1,0,1,1,1,1,1,1,1,0,1,0,1,1,1,0,1,0,1,1,1,1,1,1,0,1,0,1,1,1,1,0,1,0,0,0,1,0,0,1,1,1,0,1,0,1,1,0,1,0,1,0,0,1,0,1,1,1,1,0,1,1,1,1,1,1,1,0,0,1,0,0,1,1,1,1,1,1,0,0,1,1,1,1,1,1,1,0,1,1,1,0,0,1,0,0,1,1,0,1,0,1,1,1,0,1,1,1,0,0,0,0,1,0,0,1,0,1,1,0,0,1,1,0,1,0,1,1,0,0,1,1,0,1,1,0,1,1,1,1,0,-0.3897820659,0.659404761,-0.9060612462,-0.429138698,-0.9366949213,0.7761511907
10,33.0,0,1,0,1,-0.5995257606846857,1.120490325006081,-1.115957105810404,0,0,0,0,0,0,0,0,0,0,0,0,0,0,0,0,0,0,0,0,0,0,0,0,0,0,0,0,0,0,0,0,1,0,0,0,0,0,0,0,0,0,0,0,0,0,0,0,0,0,0,0,0,0,0,0,0,0,0,0,0,0,0,0,0,0,0,0,0,0,0,0,0,0,0,0,0,1,0,0,0,0,0,0,0,0,0,0,0,0,0,0,0,0,1,0,0,0,0,0,0,0,0,0,1,0,0,0,0,0,0,0,0,1,0,0,0,0,0,0,0,0,0,0,0,1,0,1,0,0,0,0,0,0,0,0,0,0,0,0,0,0,0,0,0,0,0,0,0,1,1,0,0,0,0,0,0,0,0,0,1,0,0,0,0,0,0,0,0,0,0,0,0,0,0,0,0,0,0,0,0,0,0,0,0,1,0,0,0,0,0,0,0,0,0,0,0,0,0,0,0,0,0,0,0,0,0,0,0,0,0,0,0,0,0,0,0,0,1,0,0,0,-0.3897820659,-0.6776781787,-0.9686473826,1.9555324714,3.7288946389,3.5195608142
11,93.0,0,1,0,1,-0.5995257606846857,1.120490325006081,-1.115957105810404,0,0,0,0,0,0,0,0,0,0,0,0,0,0,0,0,0,0,0,0,1,0,0,1,0,0,1,1,0,1,0,1,1,0,1,0,1,0,0,0,0,0,0,1,1,1,1,0,0,1,0,0,0,1,1,0,0,0,0,0,1,0,0,1,0,0,1,0,1,1,0,0,0,1,1,0,1,0,0,0,1,0,1,1,0,1,0,0,1,0,0,0,1,0,0,0,0,0,1,1,0,1,0,0,0,0,0,1,0,0,1,1,1,0,0,0,0,0,1,0,1,0,1,0,0,1,1,0,1,0,1,0,1,1,0,1,0,0,1,0,0,0,0,1,0,0,0,0,0,0,1,1,1,0,0,1,0,0,0,1,1,1,1,0,0,1,0,1,0,0,0,0,1,1,0,1,0,1,0,1,0,1,0,0,0,1,1,0,0,0,1,1,1,0,1,1,0,1,0,0,1,0,0,0,0,0,1,0,1,1,0,1,0,0,0,1,1,0,0,0,1,1,-0.3897820659,-0.4759232579,-0.6821577078,-0.1999395206,-0.3307023486,0.8045623478
12,84.0,0,1,0,1,-0.5995257606846857,1.120490325006081,-1.115957105810404,0,0,0,0,0,0,0,0,0,0,0,0,0,0,0,0,0,0,0,0,1,0,0,0,0,0,0,1,0,1,0,1,1,0,0,0,0,0,0,1,0,0,0,1,0,0,1,1,0,1,0,1,0,1,1,0,1,0,0,0,0,0,0,0,0,0,1,0,0,1,1,0,0,1,1,0,1,0,0,0,1,0,1,1,0,0,0,0,1,0,1,0,1,0,0,0,0,1,0,1,0,0,0,0,0,0,0,0,0,0,0,1,0,0,0,0,0,1,1,0,0,1,1,0,1,1,1,0,1,0,1,0,1,1,0,1,1,0,1,0,0,0,1,0,0,0,0,0,0,0,0,1,1,0,0,1,0,0,0,1,1,1,1,0,0,0,0,0,1,0,0,0,0,0,0,0,0,0,1,1,0,1,0,0,0,1,1,0,1,1,1,1,1,0,1,1,0,1,1,0,0,0,0,0,0,0,1,1,0,1,0,1,0,0,0,0,1,0,1,0,1,1,-0.3897820659,-0.4759232579,-0.6821577078,-0.1999395206,-0.8136891252,0.8045623478
13,87.0,0,1,0,1,-0.5995257606846857,1.120490325006081,-1.115957105810404,0,0,0,0,0,0,0,0,0,0,0,0,0,0,0,0,0,0,0,1,0,1,1,0,1,0,1,0,1,0,1,1,1,1,1,1,0,1,0,0,1,1,0,0,0,1,0,1,1,0,1,1,1,0,1,0,1,0,1,1,1,1,0,1,1,0,0,1,0,1,1,1,1,0,1,1,0,1,1,0,1,1,0,1,1,1,1,1,1,1,0,1,0,1,1,1,0,1,0,1,1,1,1,1,1,0,1,0,1,1,1,1,0,1,0,0,0,1,0,0,1,1,1,0,1,0,1,1,0,1,0,1,0,0,1,0,1,1,1,1,0,1,1,1,1,1,1,1,0,0,1,0,0,1,1,1,1,1,1,0,0,1,1,1,1,1,1,1,0,1,1,1,0,0,1,0,0,1,1,0,1,0,1,1,1,0,1,1,1,0,0,0,0,1,0,0,1,0,1,1,0,0,1,1,0,1,0,1,1,0,0,1,1,0,1,1,0,1,1,1,1,0,-0.3897820659,0.659404761,-0.9060612462,-0.429138698,-0.9366949213,0.7761511907
14,85.0,0,1,0,1,-0.5995257606846857,1.120490325006081,-1.115957105810404,0,0,0,1,1,1,0,0,0,1,1,0,0,0,1,0,0,0,0,1,0,1,1,0,1,0,1,0,1,0,1,1,1,1,1,1,0,1,0,0,1,1,0,0,0,1,0,1,1,0,1,1,1,0,1,0,1,0,1,1,1,1,0,1,1,0,0,1,0,1,1,1,1,0,1,1,0,1,1,0,1,1,0,1,1,1,1,1,1,1,0,1,0,1,1,1,0,1,0,1,1,1,1,1,1,0,1,0,1,1,1,1,0,1,0,0,0,1,0,0,1,1,1,0,1,0,1,1,0,1,0,1,0,0,1,0,1,1,1,1,0,1,1,1,1,1,1,1,0,0,1,0,0,1,1,1,1,1,1,0,0,1,1,1,1,1,1,1,0,1,1,1,0,0,1,0,0,1,1,0,1,0,1,1,1,0,1,1,1,0,0,0,0,1,0,0,1,0,1,1,0,0,1,1,0,1,0,1,1,0,0,1,1,0,1,1,0,1,1,1,1,0,0.4458447233,0.659404761,-0.9060612462,-0.429138698,-0.9366949213,0.7761511907
15,85.0,0,1,0,1,-0.5995257606846857,1.120490325006081,-1.115957105810404,0,0,0,1,1,1,0,0,0,1,0,0,0,0,0,0,0,0,0,1,0,1,1,0,1,0,1,0,1,0,1,1,1,1,1,1,0,1,0,0,1,1,0,0,0,1,0,1,1,0,1,1,1,0,1,0,1,0,1,1,1,1,0,1,1,0,0,1,0,1,1,1,1,0,1,1,0,1,1,0,1,1,0,1,1,1,1,1,1,1,0,1,0,1,1,1,0,1,0,1,1,1,1,1,1,0,1,0,1,1,1,1,0,1,0,0,0,1,0,0,1,1,1,0,1,0,1,1,0,1,0,1,0,0,1,0,1,1,1,1,0,1,1,1,1,1,1,1,0,0,1,0,0,1,1,1,1,1,1,0,0,1,1,1,1,1,1,1,0,1,1,1,0,0,1,0,0,1,1,0,1,0,1,1,1,0,1,1,1,0,0,0,0,1,0,0,1,0,1,1,0,0,1,1,0,1,0,1,1,0,0,1,1,0,1,1,0,1,1,1,1,0,0.4458447233,0.659404761,-0.9060612462,-0.429138698,-0.9366949213,0.7761511907
16,86.0,0,1,0,1,-0.5995257606846857,1.120490325006081,-1.115957105810404,1,1,1,1,0,0,1,1,1,1,1,1,1,1,1,1,1,1,0,1,0,1,1,0,1,0,1,0,1,0,1,1,1,1,1,1,0,1,0,0,1,1,0,0,0,1,0,1,1,0,1,1,1,0,1,0,1,0,1,1,1,1,0,1,1,0,0,1,0,1,1,1,1,0,1,1,0,1,1,0,1,1,0,1,1,1,1,1,1,1,0,1,0,1,1,1,0,1,0,1,1,1,1,1,1,0,1,0,1,1,1,1,0,1,0,0,0,1,0,0,1,1,1,0,1,0,1,1,0,1,0,1,0,0,1,0,1,1,1,1,0,1,1,1,1,1,1,1,0,0,1,0,0,1,1,1,1,1,1,0,0,1,1,1,1,1,1,1,0,1,1,1,0,0,1,0,0,1,1,0,1,0,1,1,1,0,1,1,1,0,0,0,0,1,0,0,1,0,1,1,0,0,1,1,0,1,0,1,1,0,0,1,1,0,1,1,0,1,1,1,1,0,-0.3664814033,0.659404761,-0.9060612462,-0.429138698,-0.9366949213,0.7761511907
17,84.0,0,1,0,1,-0.5995257606846857,1.120490325006081,-1.115957105810404,1,1,1,1,1,0,1,1,1,1,1,1,1,1,1,1,1,1,0,1,0,1,1,0,1,0,1,0,1,0,1,1,1,1,1,1,0,1,0,0,1,1,0,0,0,1,0,1,1,0,1,1,1,0,1,0,1,0,1,1,1,1,0,1,1,0,0,1,0,1,1,1,1,0,1,1,0,1,1,0,1,1,0,1,1,1,1,1,1,1,0,1,0,1,1,1,0,1,0,1,1,1,1,1,1,0,1,0,1,1,1,1,0,1,0,0,0,1,0,0,1,1,1,0,1,0,1,1,0,1,0,1,0,0,1,0,1,1,1,1,0,1,1,1,1,1,1,1,0,0,1,0,0,1,1,1,1,1,1,0,0,1,1,1,1,1,1,1,0,1,1,1,0,0,1,0,0,1,1,0,1,0,1,1,1,0,1,1,1,0,0,0,0,1,0,0,1,0,1,1,0,0,1,1,0,1,0,1,1,0,0,1,1,0,1,1,0,1,1,1,1,0,-0.3664814033,0.659404761,-0.9060612462,-0.429138698,-0.9366949213,0.7761511907
18,68.0,0,1,0,1,-0.5995257606846857,1.120490325006081,-1.115957105810404,1,1,1,1,0,0,1,1,1,0,1,1,1,1,1,1,1,1,0,1,0,1,1,0,1,0,1,0,1,0,1,1,1,1,1,1,0,1,0,0,1,1,0,0,0,1,0,1,1,0,1,1,1,0,1,0,1,0,1,1,1,1,0,1,1,0,0,1,0,1,1,1,1,0,1,1,0,1,1,0,1,1,0,1,1,1,1,1,1,1,0,1,0,1,1,1,0,1,0,1,1,1,1,1,1,0,1,0,1,1,1,1,0,1,0,0,0,1,0,0,1,1,1,0,1,0,1,1,0,1,0,1,0,0,1,0,1,1,1,1,0,1,1,1,1,1,1,1,0,0,1,0,0,1,1,1,1,1,1,0,0,1,1,1,1,1,1,1,0,1,1,1,0,0,1,0,0,1,1,0,1,0,1,1,1,0,1,1,1,0,0,0,0,1,0,0,1,0,1,1,0,0,1,1,0,1,0,1,1,0,0,1,1,0,1,1,0,1,1,1,1,0,-0.3664814033,0.659404761,-0.9060612462,-0.429138698,-0.9366949213,0.7761511907
19,88.0,0,1,0,1,-0.5995257606846857,1.120490325006081,-1.115957105810404,0,0,0,1,1,1,0,0,0,1,0,1,0,0,0,0,0,0,0,1,0,1,1,0,1,0,1,0,1,0,1,1,1,1,1,1,0,1,0,0,1,1,0,0,0,1,0,1,1,0,1,1,1,0,1,0,1,0,1,1,1,1,0,1,1,0,0,1,0,1,1,1,1,0,1,1,0,1,1,0,1,1,0,1,1,1,1,1,1,1,0,1,0,1,1,1,0,1,0,1,1,1,1,1,1,0,1,0,1,1,1,1,0,1,0,0,0,1,0,0,1,1,1,0,1,0,1,1,0,1,0,1,0,0,1,0,1,1,1,1,0,1,1,1,1,1,1,1,0,0,1,0,0,1,1,1,1,1,1,0,0,1,1,1,1,1,1,1,0,1,1,1,0,0,1,0,0,1,1,0,1,0,1,1,1,0,1,1,1,0,0,0,0,1,0,0,1,0,1,1,0,0,1,1,0,1,0,1,1,0,0,1,1,0,1,1,0,1,1,1,1,0,3.1256376831,0.659404761,-0.9060612462,-0.429138698,-0.9366949213,0.7761511907
20,85.0,0,1,0,1,-0.5995257606846857,1.120490325006081,-1.115957105810404,0,1,0,0,0,1,0,0,0,0,0,0,0,0,0,0,0,0,0,1,0,1,1,0,1,0,1,0,1,0,1,1,1,1,1,1,0,1,0,0,1,1,0,0,0,1,0,1,1,0,1,1,1,0,1,0,1,0,1,1,1,1,0,1,1,0,0,1,0,1,1,1,1,0,1,1,0,1,1,0,1,1,0,1,1,1,1,1,1,1,0,1,0,1,1,1,0,1,0,1,1,1,1,1,1,0,1,0,1,1,1,1,0,1,0,0,0,1,0,0,1,1,1,0,1,0,1,1,0,1,0,1,0,0,1,0,1,1,1,1,0,1,1,1,1,1,1,1,0,0,1,0,0,1,1,1,1,1,1,0,0,1,1,1,1,1,1,1,0,1,1,1,0,0,1,0,0,1,1,0,1,0,1,1,1,0,1,1,1,0,0,0,0,1,0,0,1,0,1,1,0,0,1,1,0,1,0,1,1,0,0,1,1,0,1,1,0,1,1,1,1,0,1.3805264227,0.659404761,-0.9060612462,-0.429138698,-0.9366949213,0.7761511907
21,68.0,0,1,0,1,-0.5995257606846857,1.120490325006081,-1.115957105810404,0,0,1,1,1,1,1,0,0,1,0,0,0,0,0,0,0,0,0,1,0,1,1,0,1,0,1,0,1,0,1,1,1,1,1,1,0,1,0,0,1,1,0,0,0,1,0,1,1,0,1,1,1,0,1,0,1,0,1,1,1,1,0,1,1,0,0,1,0,1,1,1,1,0,1,1,0,1,1,0,1,1,0,1,1,1,1,1,1,1,0,1,0,1,1,1,0,1,0,1,1,1,1,1,1,0,1,0,1,1,1,1,0,1,0,0,0,1,0,0,1,1,1,0,1,0,1,1,0,1,0,1,0,0,1,0,1,1,1,1,0,1,1,1,1,1,1,1,0,0,1,0,0,1,1,1,1,1,1,0,0,1,1,1,1,1,1,1,0,1,1,1,0,0,1,0,0,1,1,0,1,0,1,1,1,0,1,1,1,0,0,0,0,1,0,0,1,0,1,1,0,0,1,1,0,1,0,1,1,0,0,1,1,0,1,1,0,1,1,1,1,0,2.3705336492,0.659404761,-0.9060612462,-0.429138698,-0.9366949213,0.7761511907
22,87.0,0,1,0,1,-0.5995257606846857,1.120490325006081,-1.115957105810404,0,0,0,0,1,0,0,0,0,0,0,0,0,0,0,1,0,0,0,1,0,1,1,0,1,0,1,0,1,0,1,1,1,1,1,1,0,1,0,0,1,1,0,0,0,1,0,1,1,0,1,1,1,0,1,0,1,0,1,1,1,1,0,1,1,0,0,1,0,1,1,1,1,0,1,1,0,1,1,0,1,1,0,1,1,1,1,1,1,1,0,1,0,1,1,1,0,1,0,1,1,1,1,1,1,0,1,0,1,1,1,1,0,1,0,0,0,1,0,0,1,1,1,0,1,0,1,1,0,1,0,1,0,0,1,0,1,1,1,1,0,1,1,1,1,1,1,1,0,0,1,0,0,1,1,1,1,1,1,0,0,1,1,1,1,1,1,1,0,1,1,1,0,0,1,0,0,1,1,0,1,0,1,1,1,0,1,1,1,0,0,0,0,1,0,0,1,0,1,1,0,0,1,1,0,1,0,1,1,0,0,1,1,0,1,1,0,1,1,1,1,0,2.7346742382,0.659404761,-0.9060612462,-0.429138698,-0.9366949213,0.7761511907
23,37.0,0,1,0,1,-0.5995257606846857,1.120490325006081,-1.115957105810404,0,0,0,0,0,0,0,0,0,0,0,0,0,0,0,0,0,0,0,1,0,1,1,0,1,0,1,0,1,0,1,1,1,1,1,1,0,1,0,0,1,1,0,0,0,1,0,1,1,0,1,1,1,0,1,0,1,0,1,1,1,1,0,1,1,0,0,1,0,1,1,1,1,0,1,1,0,1,1,0,1,1,0,1,1,1,1,1,1,1,0,1,0,1,1,1,0,1,0,1,1,1,1,1,1,0,1,0,1,1,1,1,0,1,0,0,0,1,0,0,1,1,1,0,1,0,1,1,0,1,0,1,0,0,1,0,1,1,1,1,0,1,1,1,1,1,1,1,0,0,1,0,0,1,1,1,1,1,1,0,0,1,1,1,1,1,1,1,0,1,1,1,0,0,1,0,0,1,1,0,1,0,1,1,1,0,1,1,1,0,0,0,0,1,0,0,1,0,1,1,0,0,1,1,0,1,0,1,1,0,0,1,1,0,1,1,0,1,1,1,1,0,-1.4924994747,0.659404761,-0.9060612462,-0.429138698,-0.9366949213,0.7761511907
24,9.0,0,1,0,1,-0.5995257606846857,1.120490325006081,-1.115957105810404,0,0,0,0,1,0,0,0,0,0,0,0,0,0,0,0,0,0,0,1,0,1,1,0,1,0,1,0,1,0,1,1,1,1,1,1,0,1,0,0,1,1,0,0,0,1,0,1,1,0,1,1,1,0,1,0,1,0,1,1,1,1,0,1,1,0,0,1,0,1,1,1,1,0,1,1,0,1,1,0,1,1,0,1,1,1,1,1,1,1,0,1,0,1,1,1,0,1,0,1,1,1,1,1,1,0,1,0,1,1,1,1,0,1,0,0,0,1,0,0,1,1,1,0,1,0,1,1,0,1,0,1,0,0,1,0,1,1,1,1,0,1,1,1,1,1,1,1,0,0,1,0,0,1,1,1,1,1,1,0,0,1,1,1,1,1,1,1,0,1,1,1,0,0,1,0,0,1,1,0,1,0,1,1,1,0,1,1,1,0,0,0,0,1,0,0,1,0,1,1,0,0,1,1,0,1,0,1,1,0,0,1,1,0,1,1,0,1,1,1,1,0,-2.0289565925,0.659404761,-0.9060612462,-0.429138698,-0.9366949213,0.7761511907
25,84.0,0,1,0,1,-0.5995257606846857,1.120490325006081,-1.115957105810404,1,0,0,0,0,0,0,0,0,0,0,0,0,0,0,0,0,0,0,1,0,1,1,0,1,0,1,0,1,0,1,1,1,1,1,1,0,1,0,0,1,1,0,0,0,1,0,1,1,0,1,1,1,0,1,0,1,0,1,1,1,1,0,1,1,0,0,1,0,1,1,1,1,0,1,1,0,1,1,0,1,1,0,1,1,1,1,1,1,1,0,1,0,1,1,1,0,1,0,1,1,1,1,1,1,0,1,0,1,1,1,1,0,1,0,0,0,1,0,0,1,1,1,0,1,0,1,1,0,1,0,1,0,0,1,0,1,1,1,1,0,1,1,1,1,1,1,1,0,0,1,0,0,1,1,1,1,1,1,0,0,1,1,1,1,1,1,1,0,1,1,1,0,0,1,0,0,1,1,0,1,0,1,1,1,0,1,1,1,0,0,0,0,1,0,0,1,0,1,1,0,0,1,1,0,1,0,1,1,0,0,1,1,0,1,1,0,1,1,1,1,0,-0.2231552339,0.659404761,-0.9060612462,-0.429138698,-0.9366949213,0.7761511907
26,86.0,0,1,0,1,-0.5995257606846857,1.120490325006081,-1.325795194082446,0,0,0,0,0,0,0,0,0,0,0,0,0,0,0,0,0,0,0,0,0,1,1,0,1,0,1,0,1,0,1,1,1,1,1,1,0,1,0,0,0,1,0,0,0,1,0,0,0,0,1,0,1,0,1,0,1,0,1,0,1,1,0,0,0,0,0,1,0,0,0,1,1,0,0,1,0,1,0,0,1,1,0,1,1,1,1,1,0,1,0,1,0,1,1,1,0,1,0,1,1,1,1,1,1,0,1,0,1,1,1,1,0,1,0,0,0,0,0,0,1,1,1,0,1,0,0,1,0,1,0,0,0,0,0,0,0,1,0,1,0,1,1,1,1,1,0,1,0,0,1,0,0,1,1,1,1,0,0,0,0,0,1,0,1,1,1,1,0,1,0,1,0,0,1,0,0,1,1,0,1,0,1,0,0,0,0,0,1,0,0,0,0,0,0,0,1,0,1,1,0,0,1,1,0,1,0,1,1,0,0,0,1,0,0,1,0,1,0,1,1,0,-0.3897820659,0.2852414137,-0.6533724465,-0.2595952235,-1.4051127954,0.645884267
27,39.0,0,1,0,1,-0.5995257606846857,1.120490325006081,-1.325795194082446,0,0,0,1,1,1,0,0,0,1,1,0,0,0,1,0,0,0,0,0,0,1,1,0,1,0,1,0,1,0,1,1,1,1,1,1,0,1,0,0,0,1,0,0,0,1,0,0,0,0,1,0,1,0,1,0,1,0,1,0,1,1,0,0,0,0,0,1,0,0,0,1,1,0,0,1,0,1,0,0,1,1,0,1,1,1,1,1,0,1,0,1,0,1,1,1,0,1,0,1,1,1,1,1,1,0,1,0,1,1,1,1,0,1,0,0,0,0,0,0,1,1,1,0,1,0,0,1,0,1,0,0,0,0,0,0,0,1,0,1,0,1,1,1,1,1,0,1,0,0,1,0,0,1,1,1,1,0,0,0,0,0,1,0,1,1,1,1,0,1,0,1,0,0,1,0,0,1,1,0,1,0,1,0,0,0,0,0,1,0,0,0,0,0,0,0,1,0,1,1,0,0,1,1,0,1,0,1,1,0,0,0,1,0,0,1,0,1,0,1,1,0,0.4458447233,0.2852414137,-0.6533724465,-0.2595952235,-1.4051127954,0.645884267
28,88.0,0,1,0,1,-0.5995257606846857,1.120490325006081,-1.325795194082446,0,0,0,1,1,1,0,0,0,1,0,0,0,0,0,0,0,0,0,0,0,1,1,0,1,0,1,0,1,0,1,1,1,1,1,1,0,1,0,0,0,1,0,0,0,1,0,0,0,0,1,0,1,0,1,0,1,0,1,0,1,1,0,0,0,0,0,1,0,0,0,1,1,0,0,1,0,1,0,0,1,1,0,1,1,1,1,1,0,1,0,1,0,1,1,1,0,1,0,1,1,1,1,1,1,0,1,0,1,1,1,1,0,1,0,0,0,0,0,0,1,1,1,0,1,0,0,1,0,1,0,0,0,0,0,0,0,1,0,1,0,1,1,1,1,1,0,1,0,0,1,0,0,1,1,1,1,0,0,0,0,0,1,0,1,1,1,1,0,1,0,1,0,0,1,0,0,1,1,0,1,0,1,0,0,0,0,0,1,0,0,0,0,0,0,0,1,0,1,1,0,0,1,1,0,1,0,1,1,0,0,0,1,0,0,1,0,1,0,1,1,0,0.4458447233,0.2852414137,-0.6533724465,-0.2595952235,-1.4051127954,0.645884267
29,83.0,0,1,0,1,-0.5995257606846857,1.120490325006081,-1.325795194082446,1,1,1,1,0,0,1,1,1,1,1,1,1,1,1,1,1,1,0,0,0,1,1,0,1,0,1,0,1,0,1,1,1,1,1,1,0,1,0,0,0,1,0,0,0,1,0,0,0,0,1,0,1,0,1,0,1,0,1,0,1,1,0,0,0,0,0,1,0,0,0,1,1,0,0,1,0,1,0,0,1,1,0,1,1,1,1,1,0,1,0,1,0,1,1,1,0,1,0,1,1,1,1,1,1,0,1,0,1,1,1,1,0,1,0,0,0,0,0,0,1,1,1,0,1,0,0,1,0,1,0,0,0,0,0,0,0,1,0,1,0,1,1,1,1,1,0,1,0,0,1,0,0,1,1,1,1,0,0,0,0,0,1,0,1,1,1,1,0,1,0,1,0,0,1,0,0,1,1,0,1,0,1,0,0,0,0,0,1,0,0,0,0,0,0,0,1,0,1,1,0,0,1,1,0,1,0,1,1,0,0,0,1,0,0,1,0,1,0,1,1,0,-0.3664814033,0.2852414137,-0.6533724465,-0.2595952235,-1.4051127954,0.645884267
30,83.0,0,1,0,1,-0.5995257606846857,1.120490325006081,-1.325795194082446,1,1,1,1,1,0,1,1,1,1,1,1,1,1,1,1,1,1,0,0,0,1,1,0,1,0,1,0,1,0,1,1,1,1,1,1,0,1,0,0,0,1,0,0,0,1,0,0,0,0,1,0,1,0,1,0,1,0,1,0,1,1,0,0,0,0,0,1,0,0,0,1,1,0,0,1,0,1,0,0,1,1,0,1,1,1,1,1,0,1,0,1,0,1,1,1,0,1,0,1,1,1,1,1,1,0,1,0,1,1,1,1,0,1,0,0,0,0,0,0,1,1,1,0,1,0,0,1,0,1,0,0,0,0,0,0,0,1,0,1,0,1,1,1,1,1,0,1,0,0,1,0,0,1,1,1,1,0,0,0,0,0,1,0,1,1,1,1,0,1,0,1,0,0,1,0,0,1,1,0,1,0,1,0,0,0,0,0,1,0,0,0,0,0,0,0,1,0,1,1,0,0,1,1,0,1,0,1,1,0,0,0,1,0,0,1,0,1,0,1,1,0,-0.3664814033,0.2852414137,-0.6533724465,-0.2595952235,-1.4051127954,0.645884267
31,86.0,0,1,0,1,-0.5995257606846857,1.120490325006081,-1.325795194082446,1,1,1,1,0,0,1,1,1,0,1,1,1,1,1,1,1,1,0,0,0,1,1,0,1,0,1,0,1,0,1,1,1,1,1,1,0,1,0,0,0,1,0,0,0,1,0,0,0,0,1,0,1,0,1,0,1,0,1,0,1,1,0,0,0,0,0,1,0,0,0,1,1,0,0,1,0,1,0,0,1,1,0,1,1,1,1,1,0,1,0,1,0,1,1,1,0,1,0,1,1,1,1,1,1,0,1,0,1,1,1,1,0,1,0,0,0,0,0,0,1,1,1,0,1,0,0,1,0,1,0,0,0,0,0,0,0,1,0,1,0,1,1,1,1,1,0,1,0,0,1,0,0,1,1,1,1,0,0,0,0,0,1,0,1,1,1,1,0,1,0,1,0,0,1,0,0,1,1,0,1,0,1,0,0,0,0,0,1,0,0,0,0,0,0,0,1,0,1,1,0,0,1,1,0,1,0,1,1,0,0,0,1,0,0,1,0,1,0,1,1,0,-0.3664814033,0.2852414137,-0.6533724465,-0.2595952235,-1.4051127954,0.645884267
32,87.0,0,1,0,1,-0.5995257606846857,1.120490325006081,-1.325795194082446,0,0,0,1,1,1,0,0,0,1,0,1,0,0,0,0,0,0,0,0,0,1,1,0,1,0,1,0,1,0,1,1,1,1,1,1,0,1,0,0,0,1,0,0,0,1,0,0,0,0,1,0,1,0,1,0,1,0,1,0,1,1,0,0,0,0,0,1,0,0,0,1,1,0,0,1,0,1,0,0,1,1,0,1,1,1,1,1,0,1,0,1,0,1,1,1,0,1,0,1,1,1,1,1,1,0,1,0,1,1,1,1,0,1,0,0,0,0,0,0,1,1,1,0,1,0,0,1,0,1,0,0,0,0,0,0,0,1,0,1,0,1,1,1,1,1,0,1,0,0,1,0,0,1,1,1,1,0,0,0,0,0,1,0,1,1,1,1,0,1,0,1,0,0,1,0,0,1,1,0,1,0,1,0,0,0,0,0,1,0,0,0,0,0,0,0,1,0,1,1,0,0,1,1,0,1,0,1,1,0,0,0,1,0,0,1,0,1,0,1,1,0,3.1256376831,0.2852414137,-0.6533724465,-0.2595952235,-1.4051127954,0.645884267
33,7.0,0,1,0,1,-0.5995257606846857,1.120490325006081,-0.171685708586216,0,0,0,0,0,0,0,0,0,0,0,0,0,0,0,0,0,0,0,0,0,0,0,0,0,0,0,0,0,0,0,1,0,0,0,0,0,0,0,0,0,0,0,0,0,0,0,0,0,0,0,0,0,0,0,0,0,0,0,0,0,1,0,0,0,0,0,0,0,0,0,0,0,0,0,0,0,0,0,0,0,0,0,0,0,0,0,0,0,0,0,0,0,0,1,1,0,0,0,0,0,0,0,0,0,0,0,0,0,1,1,0,0,0,0,0,0,0,0,0,0,0,0,0,0,0,0,0,0,0,0,0,0,0,0,0,0,0,0,0,0,0,0,0,0,1,0,0,0,0,0,0,0,0,0,0,0,0,0,0,0,0,0,0,0,0,1,0,0,0,0,1,0,0,0,0,0,0,0,0,1,0,0,0,0,0,0,0,1,0,0,0,0,0,0,0,0,0,1,0,0,0,0,0,0,0,0,0,0,0,0,0,0,0,0,0,0,0,0,0,0,0,-0.3897820659,-3.1922742691,0.0576998329,0.1722530656,1.6965511977,-0.4839130992
34,32.0,0,1,0,1,-0.5995257606846857,1.120490325006081,-0.171685708586216,0,0,0,0,0,0,0,0,0,0,0,0,0,0,0,0,0,0,0,0,0,0,0,0,1,0,0,0,0,0,0,0,0,0,0,0,0,1,0,0,0,0,0,0,0,0,0,0,0,0,1,0,1,0,0,0,0,0,0,0,0,0,0,0,0,0,0,1,0,0,0,0,0,0,0,0,0,0,0,0,0,0,0,0,0,0,1,1,0,0,0,0,0,0,0,0,0,0,0,1,0,0,0,0,1,0,1,0,0,0,0,1,0,1,0,0,0,0,0,0,1,0,0,0,0,0,0,0,0,0,0,0,0,0,0,0,0,1,0,0,0,0,1,0,0,0,0,0,0,0,0,0,0,0,0,1,1,0,0,0,0,0,0,0,0,1,0,0,0,0,0,0,0,0,1,0,0,0,0,0,0,0,0,0,0,0,0,0,0,0,0,0,0,0,0,0,0,0,0,0,0,0,0,0,0,0,0,0,0,0,0,0,0,0,0,0,0,0,0,0,0,0,-0.3897820659,-2.2385254149,0.1842895616,0.2089642674,2.3729171014,-0.2353095801
35,80.0,0,1,0,1,-0.5995257606846857,1.120490325006081,-0.171685708586216,0,0,0,0,0,0,0,0,0,0,0,0,0,0,0,0,0,0,0,0,0,1,0,0,1,0,0,0,1,0,0,1,1,0,0,1,0,1,0,0,0,0,0,0,0,0,0,0,0,0,1,0,1,0,1,0,0,0,1,0,1,1,0,0,0,0,0,1,0,0,0,0,0,0,0,1,0,0,0,0,1,0,0,1,0,1,1,1,0,1,0,0,0,1,1,1,0,0,0,1,0,1,0,0,1,0,1,0,0,1,1,1,0,1,0,0,0,0,0,0,1,1,0,0,1,0,0,1,0,0,0,0,0,0,0,0,0,1,0,1,0,1,1,0,0,1,0,0,0,0,0,0,0,1,0,1,1,0,0,0,0,0,1,0,0,1,1,0,0,1,0,1,0,0,1,0,0,0,1,0,1,0,1,0,0,0,0,0,1,0,0,0,0,0,0,0,1,0,1,1,0,0,0,1,0,0,0,1,0,0,0,0,0,0,0,1,0,0,0,0,1,0,-0.3897820659,-1.3948240991,-0.1298405061,0.0987487173,0.8706604072,0.1600416916
36,6.0,0,1,0,1,-0.5995257606846857,1.120490325006081,-0.171685708586216,0,0,0,0,0,0,0,0,0,0,0,0,0,0,0,0,0,0,0,0,0,1,0,0,1,0,0,0,1,0,0,1,1,0,0,1,0,1,0,0,1,0,0,0,0,0,0,1,1,0,1,1,1,0,1,0,0,0,1,1,1,1,0,1,1,0,0,1,0,1,1,0,0,0,1,1,0,0,0,0,1,0,0,1,0,1,1,1,1,1,0,0,0,1,1,1,0,0,0,1,0,1,0,0,1,0,1,0,0,1,1,1,0,1,0,0,0,0,0,0,1,1,0,0,1,0,0,1,0,0,0,1,0,0,1,0,1,1,0,1,0,1,1,0,0,1,1,0,0,0,0,0,0,1,0,1,1,0,0,0,0,1,1,1,0,1,1,0,0,1,1,1,0,0,1,0,0,0,1,0,1,0,1,0,1,0,1,1,1,0,0,0,0,1,0,0,1,0,1,1,0,0,0,1,0,0,0,1,1,0,0,0,0,0,0,1,0,0,1,0,1,0,-0.3897820659,-1.2077427556,-0.3720619381,-0.017202958,0.8472395135,0.2706919491
37,11.0,0,1,0,1,-0.5995257606846857,1.120490325006081,-0.171685708586216,0,0,0,0,0,0,0,0,0,0,0,0,0,0,0,0,0,0,0,0,0,1,0,1,1,0,0,0,1,0,0,1,1,0,0,1,0,1,1,0,0,0,0,0,0,0,0,0,0,1,1,0,1,0,1,0,0,0,1,0,1,1,0,0,0,0,1,1,0,0,0,0,0,0,0,1,0,0,0,0,1,0,1,1,0,1,1,1,0,1,0,0,0,1,1,1,0,0,0,1,0,1,0,0,1,0,1,1,1,1,1,1,0,1,0,0,0,0,0,0,1,1,0,1,1,0,0,1,0,0,0,0,0,0,0,0,0,1,0,1,0,1,1,0,0,1,0,0,0,0,0,0,0,1,0,1,1,0,0,0,0,0,1,0,0,1,1,0,0,1,0,1,0,0,1,0,0,0,1,0,1,0,1,0,0,1,0,0,1,0,0,1,0,0,0,1,1,0,1,1,0,0,0,1,1,0,0,1,0,0,0,0,0,0,0,1,0,0,0,0,1,0,-0.3897820659,-1.2077427556,-0.3720619381,-0.017202958,2.8376466458,0.1741647481
38,32.0,0,1,0,1,-0.5995257606846857,1.120490325006081,-0.171685708586216,0,0,0,0,0,0,0,0,0,0,0,0,0,0,0,0,0,0,0,0,0,0,0,0,0,0,0,1,0,0,0,1,0,0,0,1,0,0,0,0,0,0,0,0,1,0,0,1,0,0,0,0,0,0,0,0,0,1,0,0,1,1,1,0,1,0,0,1,0,0,0,0,0,0,0,1,0,0,0,0,0,0,0,0,0,0,0,1,0,0,0,0,0,1,1,1,0,0,0,0,0,0,0,0,0,0,1,0,0,1,1,0,0,0,0,0,1,0,0,0,0,1,0,0,1,0,0,0,1,0,0,0,1,0,0,1,0,0,0,0,0,1,0,0,0,1,0,0,0,1,0,0,0,1,0,1,0,0,0,0,1,0,0,0,0,0,1,0,0,0,1,1,0,0,0,0,0,0,1,0,1,0,0,0,0,0,0,0,1,0,0,0,0,0,0,0,0,1,1,1,0,1,0,1,1,0,1,0,0,0,0,0,0,1,0,0,0,0,0,1,0,0,-0.3897820659,-1.0500072463,-0.3720619381,-0.017202958,0.4950040254,-0.0820543758
39,3.0,0,1,0,1,-0.5995257606846857,1.120490325006081,-0.171685708586216,0,0,0,0,0,0,0,0,0,0,0,0,0,0,0,0,0,0,0,0,0,0,0,0,0,0,0,0,0,0,0,0,0,0,0,0,0,0,0,0,0,0,0,0,0,0,0,0,0,0,0,0,0,0,0,0,0,0,0,0,0,0,0,0,0,0,0,0,0,0,0,0,0,0,0,0,0,0,0,0,0,0,0,0,0,0,0,1,0,0,0,0,0,0,0,0,0,0,0,0,0,0,0,0,0,0,1,0,0,0,0,0,0,0,0,0,0,0,0,0,0,0,0,0,0,0,0,0,0,0,0,0,1,0,0,1,0,0,0,0,0,0,0,0,0,0,0,0,0,0,0,0,0,0,0,1,0,0,0,0,0,0,0,0,0,0,0,0,0,0,0,0,0,0,0,0,0,0,0,0,0,0,0,0,0,0,0,0,0,0,0,0,0,0,0,0,0,1,0,0,0,1,0,0,0,0,0,0,0,0,0,0,0,0,0,0,0,0,0,0,0,0,-0.3897820659,-3.9626103392,-2.4585027264,-2.5406883592,-2.9225654081,-0.0103073624
40,0.0,0,1,0,1,-0.5995257606846857,1.120490325006081,-0.171685708586216,0,0,0,0,0,0,0,0,0,0,0,0,0,0,0,0,0,0,0,0,0,0,0,0,0,1,0,0,1,0,0,0,0,0,0,0,0,0,0,0,0,0,0,0,0,0,0,0,1,0,0,0,0,0,0,1,0,0,0,1,0,0,0,0,0,0,0,1,0,0,0,0,0,0,0,0,0,1,0,0,0,0,0,0,0,0,0,0,0,0,0,0,0,0,0,0,0,0,0,0,0,0,0,0,0,1,0,1,0,0,0,0,0,0,1,0,0,0,0,0,1,0,0,0,0,1,0,0,0,1,1,0,1,1,0,0,1,0,0,0,0,0,0,0,0,0,1,0,1,1,1,0,0,0,0,0,0,1,0,0,1,0,0,0,0,0,0,1,1,0,0,0,0,0,0,0,0,0,0,0,1,0,0,0,0,0,0,0,0,0,0,0,0,0,0,0,0,1,0,0,0,1,0,0,0,0,0,0,0,0,0,0,0,0,1,0,0,1,0,0,0,1,-0.3897820659,-2.9927616858,1.2408394944,1.3675796299,1.0010428627,0.1543358825
41,50.0,0,1,0,1,-0.5995257606846857,1.120490325006081,-1.115957105810404,0,0,0,1,1,1,0,0,0,1,1,0,1,0,0,0,0,0,0,1,0,1,1,0,1,0,1,0,1,0,1,1,1,1,1,1,0,1,0,0,1,1,0,0,0,1,0,1,1,0,1,1,1,0,1,0,1,0,1,1,1,1,0,1,1,0,0,1,0,1,1,1,1,0,1,1,0,1,1,0,1,1,0,1,1,1,1,1,1,1,0,1,0,1,1,1,0,1,0,1,1,1,1,1,1,0,1,0,1,1,1,1,0,1,0,0,0,1,0,0,1,1,1,0,1,0,1,1,0,1,0,1,0,0,1,0,1,1,1,1,0,1,1,1,1,1,1,1,0,0,1,0,0,1,1,1,1,1,1,0,0,1,1,1,1,1,1,1,0,1,1,1,0,0,1,0,0,1,1,0,1,0,1,1,1,0,1,1,1,0,0,0,0,1,0,0,1,0,1,1,0,0,1,1,0,1,0,1,1,0,0,1,1,0,1,1,0,1,1,1,1,0,-1.7653339786,0.659404761,-0.9060612462,-0.429138698,-0.9366949213,0.7761511907
42,40.0,0,1,0,1,-0.5995257606846857,1.120490325006081,-1.115957105810404,0,0,0,1,1,1,0,0,0,1,1,1,1,0,0,0,0,0,0,1,0,1,1,0,1,0,1,0,1,0,1,1,1,1,1,1,0,1,0,0,1,1,0,0,0,1,0,1,1,0,1,1,1,0,1,0,1,0,1,1,1,1,0,1,1,0,0,1,0,1,1,1,1,0,1,1,0,1,1,0,1,1,0,1,1,1,1,1,1,1,0,1,0,1,1,1,0,1,0,1,1,1,1,1,1,0,1,0,1,1,1,1,0,1,0,0,0,1,0,0,1,1,1,0,1,0,1,1,0,1,0,1,0,0,1,0,1,1,1,1,0,1,1,1,1,1,1,1,0,0,1,0,0,1,1,1,1,1,1,0,0,1,1,1,1,1,1,1,0,1,1,1,0,0,1,0,0,1,1,0,1,0,1,1,1,0,1,1,1,0,0,0,0,1,0,0,1,0,1,1,0,0,1,1,0,1,0,1,1,0,0,1,1,0,1,1,0,1,1,1,1,0,-0.2453721449,0.659404761,-0.9060612462,-0.429138698,-0.9366949213,0.7761511907
43,0.0,0,1,0,1,-0.5995257606846857,1.120490325006081,-1.115957105810404,1,1,1,1,0,0,0,0,0,0,0,0,1,1,0,1,0,1,0,1,0,1,1,0,1,0,1,0,1,0,1,1,1,1,1,1,0,1,0,0,1,1,0,0,0,1,0,1,1,0,1,1,1,0,1,0,1,0,1,1,1,1,0,1,1,0,0,1,0,1,1,1,1,0,1,1,0,1,1,0,1,1,0,1,1,1,1,1,1,1,0,1,0,1,1,1,0,1,0,1,1,1,1,1,1,0,1,0,1,1,1,1,0,1,0,0,0,1,0,0,1,1,1,0,1,0,1,1,0,1,0,1,0,0,1,0,1,1,1,1,0,1,1,1,1,1,1,1,0,0,1,0,0,1,1,1,1,1,1,0,0,1,1,1,1,1,1,1,0,1,1,1,0,0,1,0,0,1,1,0,1,0,1,1,1,0,1,1,1,0,0,0,0,1,0,0,1,0,1,1,0,0,1,1,0,1,0,1,1,0,0,1,1,0,1,1,0,1,1,1,1,0,-1.1874233562,0.659404761,-0.9060612462,-0.429138698,-0.9366949213,0.7761511907
44,4.0,0,1,0,1,-0.5995257606846857,1.120490325006081,-1.325795194082446,0,0,0,0,0,0,0,0,0,0,0,0,0,0,0,0,0,0,0,0,0,1,1,0,1,0,0,0,1,0,1,1,1,1,0,1,0,1,0,0,0,1,0,0,0,1,0,0,0,0,1,0,1,0,1,0,1,0,1,0,1,1,0,0,0,0,0,1,0,0,0,1,0,0,0,1,0,1,0,0,1,0,0,1,1,1,1,1,0,1,0,1,0,1,1,1,0,1,0,1,1,1,1,0,1,0,1,0,1,1,1,1,0,1,0,0,0,0,0,0,1,1,1,0,1,0,0,1,0,0,0,0,0,0,0,0,0,1,0,1,0,1,1,1,0,1,0,1,0,0,1,0,0,1,1,1,1,0,0,0,0,0,1,0,0,1,1,1,0,1,0,1,0,0,1,0,0,1,1,0,1,0,1,0,0,0,0,0,1,0,0,0,0,0,0,0,1,0,1,1,0,0,0,1,0,1,0,1,0,0,0,0,1,0,0,1,0,0,0,1,1,0,-0.3897820659,-0.5584592418,-0.4070076814,-0.0637475175,0.2282271369,0.2569932916
45,6.0,0,1,0,1,-0.5995257606846857,1.120490325006081,-1.325795194082446,0,0,0,0,0,0,0,0,0,0,0,0,0,0,0,0,0,0,0,0,0,1,1,0,1,0,0,0,1,0,1,1,1,0,1,1,0,1,0,0,0,0,0,0,0,0,0,0,0,0,1,0,1,0,1,0,0,0,1,0,1,1,0,0,0,0,0,1,0,0,0,1,1,0,0,1,0,0,0,0,1,1,0,1,0,1,1,1,0,1,0,0,0,1,1,1,0,0,0,1,0,1,0,1,1,0,1,0,0,1,1,1,0,1,0,0,0,0,0,0,1,1,0,0,1,0,0,1,0,1,0,0,0,0,0,0,0,1,0,1,0,1,1,0,1,1,0,0,0,0,0,0,0,1,0,1,1,0,0,0,0,0,1,0,1,1,1,1,0,1,0,1,0,0,1,0,0,0,1,0,1,0,1,0,0,0,0,0,1,0,0,0,0,0,0,0,1,0,1,1,0,0,1,1,0,1,0,1,1,0,0,0,0,0,0,1,0,0,0,0,1,0,-0.3897820659,-0.5511227833,-0.4070076814,-0.0637475175,-0.6215640301,0.5257793423
46,3.0,0,1,0,1,-0.5995257606846857,1.120490325006081,-1.325795194082446,0,0,0,0,0,0,0,0,0,0,0,0,0,0,0,0,0,0,0,0,0,1,0,0,1,0,0,0,1,0,0,1,1,0,0,1,0,1,0,0,0,0,0,0,0,0,0,0,0,0,1,0,1,0,1,0,0,0,1,0,1,1,0,0,0,0,0,1,0,0,0,0,0,0,0,1,0,0,0,0,1,0,0,1,0,1,1,1,0,1,0,0,0,1,1,1,0,0,0,1,0,1,0,0,1,0,1,0,0,1,1,1,0,1,0,0,0,0,0,0,1,1,0,0,1,0,0,1,0,0,0,0,0,0,0,0,0,1,0,1,0,1,1,0,0,1,0,0,0,0,0,0,0,1,0,1,1,0,0,0,0,0,1,0,0,1,1,0,0,1,0,1,0,0,1,0,0,0,1,0,1,0,1,0,0,0,0,0,1,0,0,0,0,0,0,0,1,0,1,1,0,0,0,1,0,0,0,1,0,0,0,0,0,0,0,1,0,0,0,0,1,0,-0.3897820659,-1.3948240991,-0.1298405061,0.0987487173,0.8706604072,0.1600416916
47,3.0,0,1,0,1,-0.5995257606846857,1.120490325006081,-1.325795194082446,0,0,0,0,0,0,0,0,0,0,0,0,0,0,0,0,0,0,0,0,0,0,0,0,1,0,0,0,0,0,0,1,0,1,0,1,0,1,0,0,0,1,0,0,0,1,0,0,0,0,1,0,1,0,0,0,1,0,0,0,0,1,0,0,0,0,0,1,0,0,0,0,0,0,0,0,0,0,0,0,0,0,0,0,0,0,1,1,0,0,0,1,0,0,1,1,0,0,0,1,1,0,1,0,1,0,1,0,1,1,1,1,0,1,0,0,0,0,0,0,1,0,1,0,0,0,0,0,0,0,0,0,0,0,0,0,0,1,0,0,0,0,1,0,0,1,0,1,0,0,0,0,0,1,1,1,1,0,0,0,0,0,0,0,0,1,1,0,0,0,0,1,0,0,1,0,0,1,1,0,1,0,0,0,0,0,0,0,1,0,0,0,0,0,0,0,0,0,1,0,0,0,0,0,0,0,0,0,0,0,0,0,0,0,0,0,0,0,0,0,0,0,-0.3897820659,-1.4021605576,-0.1298405061,0.0987487173,1.9834663664,-0.1609454394
48,87.0,0,1,1,0,-1.541637670332049,-0.935601812799328,-0.3815237968582579,0,0,0,0,0,0,0,0,0,0,0,0,0,0,0,0,0,0,0,0,1,0,0,1,0,0,1,1,0,1,0,1,1,0,1,0,1,0,0,0,0,0,0,1,1,1,1,0,0,1,0,0,0,1,1,0,0,0,0,0,1,0,0,1,0,0,1,0,1,1,0,0,0,1,1,0,1,0,0,0,1,0,1,1,0,1,0,0,1,0,0,0,1,0,0,0,0,0,1,1,0,1,0,0,0,0,0,1,0,0,1,1,1,0,0,0,0,0,1,0,1,0,1,0,0,1,1,0,1,0,1,0,1,1,0,1,0,0,1,0,0,0,0,1,0,0,0,0,0,0,1,1,1,0,0,1,0,0,0,1,1,1,1,0,0,1,0,1,0,0,0,0,1,1,0,1,0,1,0,1,0,1,0,0,0,1,1,0,0,0,1,1,1,0,1,1,0,1,0,0,1,0,0,0,0,0,1,0,1,1,0,1,0,0,0,1,1,0,0,0,1,1,-0.3897820659,-0.4759232579,-0.6821577078,-0.1999395206,-0.3307023486,0.8045623478
49,76.0,0,1,1,0,-1.541637670332049,-0.935601812799328,-0.3815237968582579,0,0,0,0,0,0,0,0,0,0,0,0,0,0,0,0,0,0,0,0,1,0,0,1,0,0,1,1,0,1,0,1,1,0,1,0,1,0,0,0,0,0,0,1,1,1,1,0,0,1,0,0,0,1,1,0,0,0,0,0,1,0,0,1,0,0,1,0,1,1,0,0,0,1,1,0,1,0,0,0,1,0,1,1,0,1,0,0,1,0,0,0,1,0,0,0,0,0,1,1,0,1,0,0,0,0,0,1,0,0,1,1,1,0,0,0,0,0,1,0,1,0,1,0,0,1,1,0,1,0,1,0,1,1,0,1,0,0,1,0,0,0,0,1,0,0,0,0,0,0,1,1,1,0,0,1,0,0,0,1,1,1,1,0,0,1,0,1,0,0,0,0,1,1,0,1,0,1,0,1,0,1,0,0,0,1,1,0,0,0,1,1,1,0,1,1,0,1,0,0,1,0,0,0,0,0,1,0,1,1,0,1,0,0,0,1,1,0,0,0,1,1,-1.5217607721,-0.4759232579,-0.6821577078,-0.1999395206,-0.3307023486,0.8045623478
50,93.0,0,1,1,0,-1.541637670332049,-0.935601812799328,-0.3815237968582579,1,1,1,1,0,0,1,1,1,0,1,1,1,1,1,1,1,1,0,0,1,0,0,1,0,0,1,1,0,1,0,1,1,0,1,0,1,0,0,0,0,0,0,1,1,1,1,0,0,1,0,0,0,1,1,0,0,0,0,0,1,0,0,1,0,0,1,0,1,1,0,0,0,1,1,0,1,0,0,0,1,0,1,1,0,1,0,0,1,0,0,0,1,0,0,0,0,0,1,1,0,1,0,0,0,0,0,1,0,0,1,1,1,0,0,0,0,0,1,0,1,0,1,0,0,1,1,0,1,0,1,0,1,1,0,1,0,0,1,0,0,0,0,1,0,0,0,0,0,0,1,1,1,0,0,1,0,0,0,1,1,1,1,0,0,1,0,1,0,0,0,0,1,1,0,1,0,1,0,1,0,1,0,0,0,1,1,0,0,0,1,1,1,0,1,1,0,1,0,0,1,0,0,0,0,0,1,0,1,1,0,1,0,0,0,1,1,0,0,0,1,1,-0.3664814033,-0.4759232579,-0.6821577078,-0.1999395206,-0.3307023486,0.8045623478
51,90.0,0,1,1,0,-1.541637670332049,-0.935601812799328,-0.3815237968582579,0,1,0,0,0,1,0,0,0,0,0,0,0,0,0,0,0,0,0,0,1,0,0,1,0,0,1,1,0,1,0,1,1,0,1,0,1,0,0,0,0,0,0,1,1,1,1,0,0,1,0,0,0,1,1,0,0,0,0,0,1,0,0,1,0,0,1,0,1,1,0,0,0,1,1,0,1,0,0,0,1,0,1,1,0,1,0,0,1,0,0,0,1,0,0,0,0,0,1,1,0,1,0,0,0,0,0,1,0,0,1,1,1,0,0,0,0,0,1,0,1,0,1,0,0,1,1,0,1,0,1,0,1,1,0,1,0,0,1,0,0,0,0,1,0,0,0,0,0,0,1,1,1,0,0,1,0,0,0,1,1,1,1,0,0,1,0,1,0,0,0,0,1,1,0,1,0,1,0,1,0,1,0,0,0,1,1,0,0,0,1,1,1,0,1,1,0,1,0,0,1,0,0,0,0,0,1,0,1,1,0,1,0,0,0,1,1,0,0,0,1,1,1.3805264227,-0.4759232579,-0.6821577078,-0.1999395206,-0.3307023486,0.8045623478
52,91.0,0,1,1,0,-1.541637670332049,-0.935601812799328,-0.3815237968582579,0,0,0,0,0,0,0,0,0,0,0,0,0,1,0,0,0,0,0,0,1,0,0,1,0,0,1,1,0,1,0,1,1,0,1,0,1,0,0,0,0,0,0,1,1,1,1,0,0,1,0,0,0,1,1,0,0,0,0,0,1,0,0,1,0,0,1,0,1,1,0,0,0,1,1,0,1,0,0,0,1,0,1,1,0,1,0,0,1,0,0,0,1,0,0,0,0,0,1,1,0,1,0,0,0,0,0,1,0,0,1,1,1,0,0,0,0,0,1,0,1,0,1,0,0,1,1,0,1,0,1,0,1,1,0,1,0,0,1,0,0,0,0,1,0,0,0,0,0,0,1,1,1,0,0,1,0,0,0,1,1,1,1,0,0,1,0,1,0,0,0,0,1,1,0,1,0,1,0,1,0,1,0,0,0,1,1,0,0,0,1,1,1,0,1,1,0,1,0,0,1,0,0,0,0,0,1,0,1,1,0,1,0,0,0,1,1,0,0,0,1,1,-0.0129073938,-0.4759232579,-0.6821577078,-0.1999395206,-0.3307023486,0.8045623478
53,78.0,0,1,1,0,-1.541637670332049,-0.935601812799328,1.0873428210460347,0,0,1,1,1,1,1,0,0,1,0,0,0,0,0,0,0,0,0,0,1,0,0,1,0,0,1,1,0,1,0,1,1,0,1,0,1,0,0,0,0,0,0,1,1,1,1,0,0,1,0,0,0,1,1,0,0,0,0,0,1,0,0,1,0,0,1,0,1,1,0,0,0,1,1,0,1,0,0,0,1,0,1,1,0,1,0,0,1,0,0,0,1,0,0,0,0,0,1,1,0,1,0,0,0,0,0,1,0,0,1,1,1,0,0,0,0,0,1,0,1,0,1,0,0,1,1,0,1,0,1,0,1,1,0,1,0,0,1,0,0,0,0,1,0,0,0,0,0,0,1,1,1,0,0,1,0,0,0,1,1,1,1,0,0,1,0,1,0,0,0,0,1,1,0,1,0,1,0,1,0,1,0,0,0,1,1,0,0,0,1,1,1,0,1,1,0,1,0,0,1,0,0,0,0,0,1,0,1,1,0,1,0,0,0,1,1,0,0,0,1,1,2.3705336492,-0.4759232579,-0.6821577078,-0.1999395206,-0.3307023486,0.8045623478
54,72.0,0,1,1,0,-1.541637670332049,-0.935601812799328,1.0873428210460347,0,1,0,0,0,1,1,0,0,0,0,0,0,0,0,0,0,0,0,0,1,0,0,1,0,0,1,1,0,1,0,1,1,0,1,0,1,0,0,0,0,0,0,1,1,1,1,0,0,1,0,0,0,1,1,0,0,0,0,0,1,0,0,1,0,0,1,0,1,1,0,0,0,1,1,0,1,0,0,0,1,0,1,1,0,1,0,0,1,0,0,0,1,0,0,0,0,0,1,1,0,1,0,0,0,0,0,1,0,0,1,1,1,0,0,0,0,0,1,0,1,0,1,0,0,1,1,0,1,0,1,0,1,1,0,1,0,0,1,0,0,0,0,1,0,0,0,0,0,0,1,1,1,0,0,1,0,0,0,1,1,1,1,0,0,1,0,1,0,0,0,0,1,1,0,1,0,1,0,1,0,1,0,0,0,1,1,0,0,0,1,1,1,0,1,1,0,1,0,0,1,0,0,0,0,0,1,0,1,1,0,1,0,0,0,1,1,0,0,0,1,1,1.3805264227,-0.4759232579,-0.6821577078,-0.1999395206,-0.3307023486,0.8045623478
55,70.0,0,1,1,0,-1.541637670332049,-0.935601812799328,-0.3815237968582579,0,0,0,0,0,0,0,0,0,0,1,0,0,0,0,0,0,0,0,0,1,0,0,1,0,0,1,1,0,1,0,1,1,0,1,0,1,0,0,0,0,0,0,1,1,1,1,0,0,1,0,0,0,1,1,0,0,0,0,0,1,0,0,1,0,0,1,0,1,1,0,0,0,1,1,0,1,0,0,0,1,0,1,1,0,1,0,0,1,0,0,0,1,0,0,0,0,0,1,1,0,1,0,0,0,0,0,1,0,0,1,1,1,0,0,0,0,0,1,0,1,0,1,0,0,1,1,0,1,0,1,0,1,1,0,1,0,0,1,0,0,0,0,1,0,0,0,0,0,0,1,1,1,0,0,1,0,0,0,1,1,1,1,0,0,1,0,1,0,0,0,0,1,1,0,1,0,1,0,1,0,1,0,0,0,1,1,0,0,0,1,1,1,0,1,1,0,1,0,0,1,0,0,0,0,0,1,0,1,1,0,1,0,0,0,1,1,0,0,0,1,1,1.2483087088,-0.4759232579,-0.6821577078,-0.1999395206,-0.3307023486,0.8045623478
56,86.0,0,1,1,0,-1.541637670332049,-0.935601812799328,-0.3815237968582579,0,0,0,1,1,1,0,0,0,1,1,0,0,0,1,0,0,0,0,0,1,0,0,1,0,0,1,1,0,1,0,1,1,0,1,0,1,0,0,0,0,0,0,1,1,1,1,0,0,1,0,0,0,1,1,0,0,0,0,0,1,0,0,1,0,0,1,0,1,1,0,0,0,1,1,0,1,0,0,0,1,0,1,1,0,1,0,0,1,0,0,0,1,0,0,0,0,0,1,1,0,1,0,0,0,0,0,1,0,0,1,1,1,0,0,0,0,0,1,0,1,0,1,0,0,1,1,0,1,0,1,0,1,1,0,1,0,0,1,0,0,0,0,1,0,0,0,0,0,0,1,1,1,0,0,1,0,0,0,1,1,1,1,0,0,1,0,1,0,0,0,0,1,1,0,1,0,1,0,1,0,1,0,0,0,1,1,0,0,0,1,1,1,0,1,1,0,1,0,0,1,0,0,0,0,0,1,0,1,1,0,1,0,0,0,1,1,0,0,0,1,1,0.4458447233,-0.4759232579,-0.6821577078,-0.1999395206,-0.3307023486,0.8045623478
57,73.0,0,1,1,0,-1.541637670332049,-0.935601812799328,-0.3815237968582579,1,1,1,1,0,0,1,1,1,1,1,1,1,1,1,1,1,1,0,0,1,0,0,1,0,0,1,1,0,1,0,1,1,0,1,0,1,0,0,0,0,0,0,1,1,1,1,0,0,1,0,0,0,1,1,0,0,0,0,0,1,0,0,1,0,0,1,0,1,1,0,0,0,1,1,0,1,0,0,0,1,0,1,1,0,1,0,0,1,0,0,0,1,0,0,0,0,0,1,1,0,1,0,0,0,0,0,1,0,0,1,1,1,0,0,0,0,0,1,0,1,0,1,0,0,1,1,0,1,0,1,0,1,1,0,1,0,0,1,0,0,0,0,1,0,0,0,0,0,0,1,1,1,0,0,1,0,0,0,1,1,1,1,0,0,1,0,1,0,0,0,0,1,1,0,1,0,1,0,1,0,1,0,0,0,1,1,0,0,0,1,1,1,0,1,1,0,1,0,0,1,0,0,0,0,0,1,0,1,1,0,1,0,0,0,1,1,0,0,0,1,1,-0.3664814033,-0.4759232579,-0.6821577078,-0.1999395206,-0.3307023486,0.8045623478
58,81.0,0,1,1,0,-1.541637670332049,-0.935601812799328,-0.3815237968582579,0,0,0,0,1,0,0,0,0,0,0,0,0,0,0,1,0,0,0,0,1,0,0,1,0,0,1,1,0,1,0,1,1,0,1,0,1,0,0,0,0,0,0,1,1,1,1,0,0,1,0,0,0,1,1,0,0,0,0,0,1,0,0,1,0,0,1,0,1,1,0,0,0,1,1,0,1,0,0,0,1,0,1,1,0,1,0,0,1,0,0,0,1,0,0,0,0,0,1,1,0,1,0,0,0,0,0,1,0,0,1,1,1,0,0,0,0,0,1,0,1,0,1,0,0,1,1,0,1,0,1,0,1,1,0,1,0,0,1,0,0,0,0,1,0,0,0,0,0,0,1,1,1,0,0,1,0,0,0,1,1,1,1,0,0,1,0,1,0,0,0,0,1,1,0,1,0,1,0,1,0,1,0,0,0,1,1,0,0,0,1,1,1,0,1,1,0,1,0,0,1,0,0,0,0,0,1,0,1,1,0,1,0,0,0,1,1,0,0,0,1,1,2.7346742382,-0.4759232579,-0.6821577078,-0.1999395206,-0.3307023486,0.8045623478
59,91.0,0,1,1,0,-1.541637670332049,-0.935601812799328,-0.3815237968582579,1,1,1,1,1,0,1,1,1,1,1,1,1,1,1,1,1,1,0,0,1,0,0,1,0,0,1,1,0,1,0,1,1,0,1,0,1,0,0,0,0,0,0,1,1,1,1,0,0,1,0,0,0,1,1,0,0,0,0,0,1,0,0,1,0,0,1,0,1,1,0,0,0,1,1,0,1,0,0,0,1,0,1,1,0,1,0,0,1,0,0,0,1,0,0,0,0,0,1,1,0,1,0,0,0,0,0,1,0,0,1,1,1,0,0,0,0,0,1,0,1,0,1,0,0,1,1,0,1,0,1,0,1,1,0,1,0,0,1,0,0,0,0,1,0,0,0,0,0,0,1,1,1,0,0,1,0,0,0,1,1,1,1,0,0,1,0,1,0,0,0,0,1,1,0,1,0,1,0,1,0,1,0,0,0,1,1,0,0,0,1,1,1,0,1,1,0,1,0,0,1,0,0,0,0,0,1,0,1,1,0,1,0,0,0,1,1,0,0,0,1,1,-1.1248366925,-0.4759232579,-0.6821577078,-0.1999395206,-0.3307023486,0.8045623478
60,80.0,0,1,1,0,-1.541637670332049,-0.935601812799328,-0.3815237968582579,0,0,0,0,0,0,0,0,0,0,0,0,0,0,0,0,0,0,0,0,1,0,0,1,0,0,1,1,0,1,0,1,1,0,1,0,1,0,0,0,0,0,0,1,1,1,1,0,0,1,0,0,0,1,1,0,0,0,0,0,1,0,0,1,0,0,1,0,1,1,0,0,0,1,1,0,1,0,0,0,1,0,1,1,0,1,0,0,1,0,0,0,1,0,0,0,0,0,1,1,0,1,0,0,0,0,0,1,0,0,1,1,1,0,0,0,0,0,1,0,1,0,1,0,0,1,1,0,1,0,1,0,1,1,0,1,0,0,1,0,0,0,0,1,0,0,0,0,0,0,1,1,1,0,0,1,0,0,0,1,1,1,1,0,0,1,0,1,0,0,0,0,1,1,0,1,0,1,0,1,0,1,0,0,0,1,1,0,0,0,1,1,1,0,1,1,0,1,0,0,1,0,0,0,0,0,1,0,1,1,0,1,0,0,0,1,1,0,0,0,1,1,-1.4924994747,-0.4759232579,-0.6821577078,-0.1999395206,-0.3307023486,0.8045623478
61,69.0,1,1,0,0,0.7463483959544044,-0.935601812799328,1.0873428210460347,0,0,0,0,0,0,0,0,0,0,0,0,0,0,0,0,0,0,0,0,1,0,0,1,0,0,1,1,0,1,0,1,1,0,1,0,1,0,0,0,0,0,0,1,1,1,1,0,0,1,0,0,0,1,1,0,0,0,0,0,1,0,0,1,0,0,1,0,1,1,0,0,0,1,1,0,1,0,0,0,1,0,1,1,0,1,0,0,1,0,0,0,1,0,0,0,0,0,1,1,0,1,0,0,0,0,0,1,0,0,1,1,1,0,0,0,0,0,1,0,1,0,1,0,0,1,1,0,1,0,1,0,1,1,0,1,0,0,1,0,0,0,0,1,0,0,0,0,0,0,1,1,1,0,0,1,0,0,0,1,1,1,1,0,0,1,0,1,0,0,0,0,1,1,0,1,0,1,0,1,0,1,0,0,0,1,1,0,0,0,1,1,1,0,1,1,0,1,0,0,1,0,0,0,0,0,1,0,1,1,0,1,0,0,0,1,1,0,0,0,1,1,-0.3897820659,-0.4759232579,-0.6821577078,-0.1999395206,-0.3307023486,0.8045623478
62,90.0,0,0,0,0,-0.8687005920125036,-0.935601812799328,-0.171685708586216,0,0,0,1,1,1,0,0,0,1,0,0,0,0,0,0,0,0,1,0,0,0,1,0,0,0,0,0,0,0,1,1,0,0,0,0,0,0,0,0,0,0,0,0,0,0,0,0,0,0,0,0,0,0,0,0,0,0,0,0,0,1,0,0,0,0,0,0,1,0,0,1,0,0,0,0,0,0,0,0,0,0,0,0,0,0,0,0,0,0,0,0,0,0,1,1,0,0,0,0,0,0,0,0,0,0,0,0,0,1,1,0,0,0,0,0,0,0,0,0,0,0,0,0,0,0,0,1,0,1,0,0,0,0,0,0,0,0,0,0,0,0,0,0,0,1,0,0,0,0,0,0,0,0,0,0,0,0,0,0,0,0,0,0,0,0,1,1,0,0,0,1,0,0,0,0,0,0,0,0,1,0,0,0,0,0,0,0,1,0,0,0,0,0,0,0,0,0,1,0,0,0,0,1,0,1,0,0,0,0,1,0,0,0,0,0,0,0,0,0,0,1,0.4458447233,-1.5048722977,-0.5955293361,-0.1756839051,2.2701602354,0.2007839982
63,5.0,0,0,0,0,-0.8687005920125036,-0.935601812799328,-0.171685708586216,0,0,0,1,1,1,0,0,0,1,0,0,0,0,0,0,0,0,0,0,0,0,1,0,0,0,0,0,0,0,1,1,0,0,0,0,0,0,0,0,0,0,0,0,0,0,0,0,0,0,0,0,0,0,0,0,0,0,0,0,0,1,0,0,0,0,0,0,0,0,0,1,0,0,0,0,0,0,0,0,0,0,0,0,0,0,0,0,0,0,1,0,0,0,1,1,0,0,0,0,0,0,0,0,0,1,0,0,0,1,1,0,0,0,1,0,0,0,0,0,0,0,0,0,0,0,0,1,0,0,0,0,0,0,0,0,0,0,0,0,1,0,0,0,0,1,0,0,0,0,0,1,0,0,0,0,0,0,0,0,0,0,0,0,0,0,1,1,0,0,0,1,0,0,0,0,0,0,0,0,1,0,0,0,0,0,0,0,1,0,0,0,0,0,0,0,0,0,1,1,0,0,0,1,1,1,1,0,0,0,0,0,0,1,0,0,0,0,0,0,0,0,0.4458447233,-1.5929104605,-0.7354758623,0.8056032415,2.3566515673,0.2007839982
64,75.0,0,0,0,0,-1.4070502546681396,-0.935601812799328,-0.171685708586216,0,0,0,1,1,1,0,0,0,1,0,0,0,0,0,0,0,0,1,0,1,1,1,0,0,0,1,0,0,0,1,1,1,0,0,1,0,0,0,1,0,0,0,1,1,0,0,0,0,0,1,0,1,1,1,0,0,1,1,1,0,1,0,0,0,1,0,0,1,0,1,1,0,0,0,0,0,0,0,0,0,0,0,0,0,0,0,0,1,0,1,0,0,0,1,1,0,1,1,0,0,0,0,0,0,0,0,1,0,1,1,0,0,0,0,0,1,0,0,1,0,0,0,0,0,0,0,1,0,1,0,0,1,0,0,0,0,0,1,0,0,1,0,1,1,1,1,0,1,0,0,0,0,0,0,0,0,0,0,0,0,0,0,0,0,0,1,1,0,0,1,1,0,0,0,0,0,0,0,0,1,0,0,0,1,0,0,0,1,0,0,0,0,0,1,0,0,0,1,0,0,0,0,1,0,1,0,0,0,0,1,0,0,0,1,0,1,1,0,0,0,1,0.4458447233,1.6278271925,0.1589934229,0.2061781494,1.1983316193,-0.3041093779
65,39.0,0,1,1,0,0.7463483959544044,-0.935601812799328,1.0873428210460347,1,1,1,1,0,0,1,1,1,0,1,1,1,1,1,1,1,1,0,1,0,0,0,1,0,1,0,0,0,0,0,0,0,1,0,0,0,0,0,0,0,0,0,0,1,0,0,1,1,0,0,0,0,1,0,0,1,1,0,0,0,0,1,0,1,0,1,1,0,0,0,1,0,1,0,0,0,0,1,0,1,1,1,0,0,0,0,0,1,1,1,1,1,0,1,0,1,0,0,0,0,0,0,0,1,1,1,0,0,0,0,0,0,1,0,1,1,1,0,1,0,0,0,0,0,1,1,0,0,1,0,0,0,0,1,0,1,1,0,0,0,0,0,1,0,1,0,0,0,1,0,0,1,0,0,0,0,1,0,0,0,1,0,0,0,0,0,0,1,1,0,0,1,0,0,0,0,0,0,1,0,0,1,0,0,1,0,0,0,1,0,0,1,1,0,0,0,0,1,0,0,1,0,0,1,1,1,1,0,0,0,0,0,1,0,1,1,0,0,1,0,1,-0.3664814033,0.1990375307,-0.0493726165,0.1399668747,0.1008691117,-0.9056949992
66,64.0,0,1,1,0,0.7463483959544044,-0.935601812799328,1.0873428210460347,1,1,1,1,0,0,1,1,1,0,1,1,1,1,1,1,1,1,1,0,0,1,0,1,0,1,0,0,0,1,0,0,1,1,0,1,0,0,1,0,0,0,0,0,1,0,0,0,0,1,0,0,1,0,0,0,1,1,0,1,0,0,1,0,1,0,1,1,0,0,1,1,0,0,0,0,1,0,1,0,0,0,0,0,1,0,1,0,1,1,0,0,1,1,0,1,1,0,1,0,0,0,0,0,1,1,0,1,1,0,0,1,0,0,0,0,1,1,1,1,1,1,0,0,0,1,0,0,0,1,0,0,1,1,0,0,1,1,1,0,1,0,1,0,0,1,0,0,1,1,0,0,1,1,0,1,1,0,0,1,0,0,1,0,1,1,0,0,0,0,0,0,1,0,0,1,0,0,0,1,0,1,0,0,1,0,0,0,0,1,0,1,0,0,1,1,0,0,0,0,0,0,1,1,1,0,1,1,0,0,0,0,1,1,0,1,1,1,0,1,1,0,-0.3664814033,-0.5547913427,0.6136151922,0.2632116237,0.7839108922,-0.5271782222
67,69.0,0,1,1,0,0.7463483959544044,-0.935601812799328,1.0873428210460347,1,1,1,1,0,0,1,1,1,0,1,1,1,1,1,1,1,1,1,0,0,0,1,1,0,1,0,0,0,0,0,0,0,1,0,1,1,0,1,1,0,1,1,0,1,1,0,0,1,0,0,0,1,0,0,1,1,1,0,0,0,0,1,0,1,1,1,1,1,0,0,1,0,0,0,0,0,0,1,1,0,0,0,0,0,0,0,0,0,1,1,0,0,0,0,0,1,0,0,0,0,0,0,1,1,1,0,0,0,1,0,0,0,0,1,1,1,1,0,1,0,0,0,1,0,1,0,1,0,1,0,0,0,0,0,0,1,0,0,0,1,0,0,1,0,1,1,0,1,1,0,0,1,0,0,0,1,1,1,0,0,1,0,1,0,1,0,0,1,0,0,0,1,1,0,0,1,0,0,1,0,0,0,0,0,0,0,0,0,1,0,0,0,1,0,0,1,0,0,0,0,1,0,0,1,0,1,1,0,0,1,1,0,1,0,1,1,0,0,1,0,0,-0.3664814033,0.5420201038,1.456183779,0.0139360078,0.5327356384,-1.3710013772
68,47.0,0,1,1,0,0.7463483959544044,-0.935601812799328,1.0873428210460347,1,1,1,1,0,0,1,1,1,0,1,1,1,1,1,1,1,1,1,0,0,0,1,1,0,1,0,0,0,0,0,0,0,1,0,1,1,0,1,1,0,1,1,0,1,1,0,0,1,0,0,0,1,0,0,1,1,1,0,0,0,0,1,0,1,1,1,1,1,0,1,1,0,1,0,0,1,0,1,1,0,0,0,0,0,0,0,0,0,1,1,0,0,0,0,0,1,0,0,0,0,0,0,1,1,1,0,0,0,1,0,0,0,0,1,1,1,1,0,1,0,0,0,1,0,1,0,1,0,1,0,0,0,0,0,0,1,0,0,0,1,0,0,1,0,1,1,0,1,1,0,0,1,0,0,0,1,1,1,0,0,1,0,1,0,1,1,0,1,1,1,0,1,1,0,0,1,0,0,1,0,1,0,0,0,0,0,0,0,1,1,1,0,1,0,0,1,0,0,0,0,1,0,0,1,0,1,1,0,1,1,1,0,1,0,1,1,0,0,1,0,0,-0.3664814033,1.2023079752,1.4300153596,7.1291077532,0.4803982397,-1.4359580061
69,63.0,0,1,1,0,0.7463483959544044,-0.935601812799328,1.0873428210460347,1,1,1,1,0,0,1,1,1,0,1,1,1,1,1,1,1,1,1,0,0,0,1,1,1,1,0,0,0,0,0,1,0,1,0,1,1,0,1,1,1,1,1,1,1,1,0,0,1,0,0,1,1,0,0,1,1,1,1,1,0,1,1,0,1,1,1,1,1,0,0,1,0,0,1,0,0,0,1,1,0,0,0,0,0,0,0,0,0,1,1,0,0,0,1,1,1,0,1,0,1,0,0,1,1,1,1,0,1,1,1,0,0,0,1,1,1,1,0,1,0,0,0,1,0,1,0,1,0,1,0,0,0,0,1,0,1,0,0,0,1,0,0,1,0,1,1,0,1,1,0,0,1,1,1,1,1,1,1,0,0,1,0,1,0,1,1,0,1,0,0,1,1,1,0,0,1,0,1,1,1,0,0,1,1,0,0,1,1,1,0,0,0,1,0,0,1,0,1,1,0,1,0,0,1,0,1,1,0,0,1,1,0,1,1,1,1,0,0,1,0,0,-0.3664814033,1.5654663045,0.9668343364,0.2056045369,0.548447923,-1.5269915974
70,9.0,0,1,1,0,0.7463483959544044,-0.935601812799328,1.0873428210460347,1,1,1,1,0,0,1,1,1,0,1,1,1,1,1,1,1,1,0,1,1,0,0,1,0,1,0,0,0,1,0,0,0,1,1,0,1,0,1,0,0,0,0,0,1,0,1,1,1,1,0,0,1,1,0,1,1,1,0,0,1,0,1,0,1,1,1,1,0,1,0,1,1,1,0,1,0,0,1,1,1,1,1,0,0,0,1,0,1,1,1,1,1,0,1,0,1,0,0,0,1,1,0,0,1,1,1,1,0,0,0,0,1,1,0,1,1,1,0,1,0,0,0,0,0,1,1,1,0,1,1,0,0,1,1,1,1,1,1,1,0,0,0,1,0,1,0,1,1,1,1,1,1,0,0,0,0,1,0,1,0,1,0,0,0,0,0,0,1,1,0,1,1,0,1,1,0,0,0,1,0,0,1,1,0,1,0,1,0,1,0,0,1,1,1,0,0,0,1,0,0,1,1,0,1,1,1,1,0,1,0,0,1,1,0,1,1,0,0,1,1,1,-0.3664814033,1.9909855218,-0.5539869703,-0.0862822954,0.7894065035,-0.620310231
71,29.0,0,1,1,0,0.7463483959544044,-0.935601812799328,1.0873428210460347,1,1,1,1,0,0,1,1,1,0,1,1,1,1,1,1,1,1,1,0,1,0,1,1,1,1,0,1,0,0,0,0,0,1,0,1,1,1,1,1,1,1,1,0,1,1,0,1,1,0,0,0,1,0,0,1,1,1,0,0,1,1,1,0,1,1,1,1,1,0,0,1,0,0,0,1,0,0,1,1,1,0,1,0,0,1,0,0,0,1,1,1,0,0,0,0,1,0,1,0,0,0,1,1,1,1,1,1,0,1,0,0,0,1,1,1,1,1,1,1,0,0,0,1,1,1,0,1,0,1,1,0,0,0,0,0,1,0,0,0,1,0,1,1,0,1,1,0,1,1,0,0,1,0,1,0,1,1,1,0,0,1,1,1,1,1,0,0,1,0,0,0,1,1,0,1,1,0,1,1,0,0,1,0,1,0,1,1,1,1,1,0,1,1,1,1,1,1,0,0,0,1,0,1,1,1,1,1,0,0,1,1,0,1,1,1,1,0,0,1,0,0,-0.3664814033,2.6769513283,1.5319086426,-0.0444905254,0.7091484488,-1.6415086017
72,91.0,0,1,1,0,3.4380967092325845,-0.935601812799328,-0.171685708586216,1,1,1,1,0,0,1,1,1,0,1,1,1,1,1,1,1,1,1,0,0,0,1,1,0,1,0,0,0,0,0,0,0,1,0,1,1,0,1,1,0,1,1,0,1,1,0,0,1,0,0,0,1,0,0,1,1,1,0,0,0,0,1,0,1,1,1,1,1,0,0,1,0,0,0,0,0,0,1,1,0,0,0,0,0,0,0,0,0,1,1,0,0,0,0,0,1,0,0,0,0,0,0,1,1,1,0,0,0,1,0,0,0,0,1,1,1,1,0,1,0,0,0,1,0,1,0,1,0,1,0,0,0,0,0,0,1,0,0,0,1,0,0,1,0,1,1,0,1,1,0,0,1,0,0,0,1,1,1,0,0,1,0,1,0,1,0,0,1,0,0,0,1,1,0,0,1,0,0,1,0,0,0,0,0,0,0,0,0,1,0,0,0,1,0,0,1,0,0,0,0,1,0,0,1,0,1,1,0,0,1,1,0,1,0,1,1,0,0,1,0,0,-0.3664814033,0.5420201038,1.456183779,0.0139360078,0.5327356384,-1.3710013772
73,33.0,0,1,1,0,-0.5995257606846857,-0.935601812799328,1.0873428210460347,1,1,1,1,0,0,1,1,1,0,1,1,1,1,1,1,1,1,1,0,0,0,1,1,0,1,0,0,0,0,0,0,0,1,0,1,1,0,1,1,0,1,1,0,1,1,0,0,1,0,0,0,1,0,0,1,1,1,0,0,0,0,1,0,1,1,1,1,1,0,0,1,0,0,0,0,0,0,1,1,0,0,0,0,0,0,0,0,0,1,1,0,0,0,0,0,1,0,0,0,0,0,0,1,1,1,0,0,0,1,0,0,0,0,1,1,1,1,0,1,0,0,0,1,0,1,0,1,0,1,0,0,0,0,0,0,1,0,0,0,1,0,0,1,0,1,1,0,1,1,0,0,1,0,0,0,1,1,1,0,0,1,0,1,0,1,0,0,1,0,0,0,1,1,0,0,1,0,0,1,0,0,0,0,0,0,0,0,0,1,0,0,0,1,0,0,1,0,0,0,0,1,0,0,1,0,1,1,0,0,1,1,0,1,0,1,1,0,0,1,0,0,-0.3664814033,0.5420201038,1.456183779,0.0139360078,0.5327356384,-1.3710013772
74,0.0,0,0,1,0,2.0922225525934945,0.8136109014530347,1.0873428210460347,0,0,0,0,0,0,0,0,0,0,0,0,0,0,0,0,0,0,1,0,0,0,1,1,0,1,0,0,0,0,0,0,0,1,0,1,1,0,1,1,0,1,1,0,1,1,0,0,1,0,0,0,1,0,0,1,1,1,0,0,0,0,1,0,1,1,1,1,1,0,0,1,0,0,0,0,0,0,1,1,0,0,0,0,0,0,0,0,0,1,1,0,0,0,0,0,1,0,0,0,0,0,0,1,1,1,0,0,0,1,0,0,0,0,1,1,1,1,0,1,0,0,0,1,0,1,0,1,0,1,0,0,0,0,0,0,1,0,0,0,1,0,0,1,0,1,1,0,1,1,0,0,1,0,0,0,1,1,1,0,0,1,0,1,0,1,0,0,1,0,0,0,1,1,0,0,1,0,0,1,0,0,0,0,0,0,0,0,0,1,0,0,0,1,0,0,1,0,0,0,0,1,0,0,1,0,1,1,0,0,1,1,0,1,0,1,1,0,0,1,0,0,-0.3897820659,0.5420201038,1.456183779,0.0139360078,0.5327356384,-1.3710013772
75,0.0,0,0,1,0,2.0922225525934945,0.8136109014530347,1.0873428210460347,1,1,1,1,0,0,1,1,1,0,1,1,1,1,1,1,1,1,1,0,0,0,1,1,0,1,0,0,0,0,0,0,0,1,0,1,1,0,1,1,0,1,1,0,1,1,0,0,1,0,0,0,1,0,0,1,1,1,0,0,0,0,1,0,1,1,1,1,1,0,0,1,0,0,0,0,0,0,1,1,0,0,0,0,0,0,0,0,0,1,1,0,0,0,0,0,1,0,0,0,0,0,0,1,1,1,0,0,0,1,0,0,0,0,1,1,1,1,0,1,0,0,0,1,0,1,0,1,0,1,0,0,0,0,0,0,1,0,0,0,1,0,0,1,0,1,1,0,1,1,0,0,1,0,0,0,1,1,1,0,0,1,0,1,0,1,0,0,1,0,0,0,1,1,0,0,1,0,0,1,0,0,0,0,0,0,0,0,0,1,0,0,0,1,0,0,1,0,0,0,0,1,0,0,1,0,1,1,0,0,1,1,0,1,0,1,1,0,0,1,0,0,-0.3664814033,0.5420201038,1.456183779,0.0139360078,0.5327356384,-1.3710013772
76,0.0,0,0,1,0,2.0922225525934945,0.8136109014530347,1.0873428210460347,1,1,1,1,1,0,1,1,1,1,1,1,1,1,1,1,1,1,1,0,0,0,1,1,0,1,0,0,0,0,0,0,0,1,0,1,1,0,1,1,0,1,1,0,1,1,0,0,1,0,0,0,1,0,0,1,1,1,0,0,0,0,1,0,1,1,1,1,1,0,0,1,0,0,0,0,0,0,1,1,0,0,0,0,0,0,0,0,0,1,1,0,0,0,0,0,1,0,0,0,0,0,0,1,1,1,0,0,0,1,0,0,0,0,1,1,1,1,0,1,0,0,0,1,0,1,0,1,0,1,0,0,0,0,0,0,1,0,0,0,1,0,0,1,0,1,1,0,1,1,0,0,1,0,0,0,1,1,1,0,0,1,0,1,0,1,0,0,1,0,0,0,1,1,0,0,1,0,0,1,0,0,0,0,0,0,0,0,0,1,0,0,0,1,0,0,1,0,0,0,0,1,0,0,1,0,1,1,0,0,1,1,0,1,0,1,1,0,0,1,0,0,-1.1248366925,0.5420201038,1.456183779,0.0139360078,0.5327356384,-1.3710013772
77,32.0,1,0,1,0,-0.5995257606846857,-0.935601812799328,1.0873428210460347,0,0,0,0,0,0,0,0,0,0,0,0,0,0,0,0,0,0,1,0,0,0,1,1,0,1,0,0,0,0,0,0,0,1,0,1,1,0,1,1,0,1,1,0,1,1,0,0,1,0,0,0,1,0,0,1,1,1,0,0,0,0,1,0,1,1,1,1,1,0,0,1,0,0,0,0,0,0,1,1,0,0,0,0,0,0,0,0,0,1,1,0,0,0,0,0,1,0,0,0,0,0,0,1,1,1,0,0,0,1,0,0,0,0,1,1,1,1,0,1,0,0,0,1,0,1,0,1,0,1,0,0,0,0,0,0,1,0,0,0,1,0,0,1,0,1,1,0,1,1,0,0,1,0,0,0,1,1,1,0,0,1,0,1,0,1,0,0,1,0,0,0,1,1,0,0,1,0,0,1,0,0,0,0,0,0,0,0,0,1,0,0,0,1,0,0,1,0,0,0,0,1,0,0,1,0,1,1,0,0,1,1,0,1,0,1,1,0,0,1,0,0,-0.3897820659,0.5420201038,1.456183779,0.0139360078,0.5327356384,-1.3710013772
78,46.0,1,0,1,0,0.7463483959544044,-0.935601812799328,1.0873428210460347,0,0,0,0,0,0,0,0,0,0,0,0,0,0,0,0,0,0,1,0,0,0,1,1,0,1,0,0,0,0,0,0,0,1,0,1,1,0,1,1,0,1,1,0,1,1,0,0,1,0,0,0,1,0,0,1,1,1,0,0,0,0,1,0,1,1,1,1,1,0,0,1,0,0,0,0,0,0,1,1,0,0,0,0,0,0,0,0,0,1,1,0,0,0,0,0,1,0,0,0,0,0,0,1,1,1,0,0,0,1,0,0,0,0,1,1,1,1,0,1,0,0,0,1,0,1,0,1,0,1,0,0,0,0,0,0,1,0,0,0,1,0,0,1,0,1,1,0,1,1,0,0,1,0,0,0,1,1,1,0,0,1,0,1,0,1,0,0,1,0,0,0,1,1,0,0,1,0,0,1,0,0,0,0,0,0,0,0,0,1,0,0,0,1,0,0,1,0,0,0,0,1,0,0,1,0,1,1,0,0,1,1,0,1,0,1,1,0,0,1,0,0,-0.3897820659,0.5420201038,1.456183779,0.0139360078,0.5327356384,-1.3710013772
79,36.0,1,0,1,0,0.7463483959544044,-0.935601812799328,1.0873428210460347,0,0,0,0,0,0,0,0,0,0,0,0,0,0,0,0,0,0,1,0,0,0,1,1,1,1,0,0,0,0,0,1,0,1,0,1,1,0,1,1,1,1,1,1,1,1,0,0,1,0,0,1,1,0,0,1,1,1,1,1,0,1,1,0,1,1,1,1,1,0,0,1,0,0,1,0,0,0,1,1,0,0,0,0,0,0,0,0,0,1,1,0,0,0,1,1,1,0,1,0,1,0,0,1,1,1,1,0,1,1,1,0,0,0,1,1,1,1,0,1,0,0,0,1,0,1,0,1,0,1,0,0,0,0,1,0,1,0,0,0,1,0,0,1,0,1,1,0,1,1,0,0,1,1,1,1,1,1,1,0,0,1,0,1,0,1,1,0,1,0,0,1,1,1,0,0,1,0,1,1,1,0,0,1,1,0,0,1,1,1,0,0,0,1,0,0,1,0,1,1,0,1,0,0,1,0,1,1,0,0,1,1,0,1,1,1,1,0,0,1,0,0,-0.3897820659,1.5654663045,0.9668343364,0.2056045369,0.548447923,-1.5269915974
80,44.0,1,0,1,0,0.7463483959544044,-0.935601812799328,1.0873428210460347,0,0,0,0,0,0,0,0,0,0,0,0,0,0,0,0,0,0,1,0,0,0,1,1,0,1,0,0,0,0,0,0,0,1,0,1,1,0,1,1,0,1,1,0,1,1,0,0,1,0,0,0,1,0,0,1,1,1,0,0,0,0,1,0,1,1,1,1,1,0,1,1,0,1,0,0,1,0,1,1,0,0,0,0,0,0,0,0,0,1,1,0,0,0,0,0,1,0,0,0,0,0,0,1,1,1,0,0,0,1,0,0,0,0,1,1,1,1,0,1,0,0,0,1,0,1,0,1,0,1,0,0,0,0,0,0,1,0,0,0,1,0,0,1,0,1,1,0,1,1,0,0,1,0,0,0,1,1,1,0,0,1,0,1,0,1,1,0,1,1,1,0,1,1,0,0,1,0,0,1,0,1,0,0,0,0,0,0,0,1,1,1,0,1,0,0,1,0,0,0,0,1,0,0,1,0,1,1,0,1,1,1,0,1,0,1,1,0,0,1,0,0,-0.3897820659,1.2023079752,1.4300153596,7.1291077532,0.4803982397,-1.4359580061
81,11.0,1,0,1,0,0.7463483959544044,-0.935601812799328,1.0873428210460347,0,0,0,0,0,0,0,0,0,0,0,0,0,0,0,0,0,0,0,0,0,0,0,1,0,1,0,0,0,0,0,0,0,1,0,0,0,0,0,0,0,0,0,0,1,0,0,0,0,0,0,0,0,0,0,0,1,1,0,0,0,0,1,0,1,0,1,1,0,0,0,1,0,0,0,0,0,0,1,0,0,0,0,0,0,0,0,0,0,1,0,0,0,0,0,0,0,0,0,0,0,0,0,0,1,1,0,0,0,0,0,0,0,0,0,0,1,1,0,1,0,0,0,0,0,1,0,0,0,1,0,0,0,0,0,0,1,0,0,0,0,0,0,0,0,1,0,0,0,1,0,0,1,0,0,0,0,0,0,0,0,0,0,0,0,0,0,0,0,0,0,0,1,0,0,0,0,0,0,1,0,0,0,0,0,0,0,0,0,1,0,0,0,0,0,0,0,0,0,0,0,0,0,0,1,0,1,1,0,0,0,0,0,1,0,1,1,0,0,1,0,0,-0.3897820659,-1.585574002,1.296283833,0.1200543255,1.4104105781,-0.7093161381
82,40.0,1,0,1,0,0.7463483959544044,-0.935601812799328,1.0873428210460347,0,0,0,0,0,0,0,0,0,0,0,0,0,0,0,0,0,0,1,0,0,0,1,1,1,1,0,1,0,0,0,1,0,1,0,1,1,0,1,1,1,1,1,1,1,1,0,0,1,0,0,1,1,0,1,1,1,1,1,1,1,1,1,0,1,1,1,1,1,0,0,1,0,0,1,0,1,0,1,1,0,0,0,1,1,0,0,0,0,1,1,0,1,1,1,1,1,0,1,0,1,0,0,1,1,1,1,0,1,1,1,0,0,1,1,1,1,1,1,1,0,1,0,1,0,1,0,1,0,1,0,1,0,0,1,0,1,1,0,1,1,1,0,1,0,1,1,0,1,1,0,0,1,1,1,1,1,1,1,1,0,1,0,1,0,1,1,0,1,0,0,1,1,1,0,1,1,0,1,1,1,1,1,1,1,0,0,1,1,1,0,0,0,1,0,0,1,0,1,1,0,1,0,0,1,0,1,1,0,0,1,1,0,1,1,1,1,0,0,1,0,0,-0.3897820659,1.5654663045,0.9668343364,0.2056045369,0.5498494883,-1.3891562245
83,21.0,1,0,1,0,0.7463483959544044,-0.935601812799328,1.0873428210460347,0,0,0,0,0,0,0,0,0,0,0,0,0,0,0,0,0,0,1,0,0,0,1,1,0,1,0,0,0,0,0,0,0,1,0,1,1,0,1,1,0,1,1,0,1,1,1,0,1,1,0,0,1,0,0,1,1,1,0,0,0,0,1,0,1,1,1,1,1,0,0,1,1,0,0,0,0,0,1,1,0,0,0,1,0,0,0,0,0,1,1,0,0,0,0,0,1,0,1,0,0,0,0,1,1,1,0,0,0,1,0,0,1,0,1,1,1,1,0,1,0,0,0,1,0,1,0,1,0,1,1,0,0,1,0,1,1,0,0,0,1,0,0,1,0,1,1,1,1,1,0,0,1,0,0,0,1,1,1,1,0,1,0,1,0,1,0,0,1,0,0,1,1,1,1,1,1,0,0,1,0,0,1,0,0,0,0,1,0,1,0,0,1,1,1,0,1,0,0,0,0,1,0,0,1,0,1,1,0,1,1,1,0,1,0,1,1,0,0,1,0,0,-0.3897820659,0.9528657437,1.1542111227,0.1335751923,1.3839652541,-1.2048727357
84,8.0,1,0,1,0,0.7463483959544044,-0.935601812799328,1.0873428210460347,0,0,0,0,0,0,0,0,0,0,0,0,0,0,0,0,0,0,1,0,1,0,1,1,1,1,0,1,0,0,0,0,0,1,0,1,1,1,1,1,1,1,1,0,1,1,0,1,1,0,0,0,1,0,0,1,1,1,0,0,1,1,1,0,1,1,1,1,1,0,0,1,0,0,0,1,0,0,1,1,1,0,1,0,0,1,0,0,0,1,1,1,0,0,0,0,1,0,1,0,0,0,1,1,1,1,1,1,0,1,0,0,0,1,1,1,1,1,1,1,0,0,0,1,1,1,0,1,0,1,1,0,0,0,0,0,1,0,0,0,1,0,1,1,0,1,1,0,1,1,0,0,1,0,1,0,1,1,1,0,0,1,1,1,1,1,0,0,1,0,0,0,1,1,0,1,1,0,1,1,0,0,1,0,1,0,1,1,1,1,1,0,1,1,1,1,1,1,0,0,0,1,0,1,1,1,1,1,0,0,1,1,0,1,1,1,1,0,0,1,0,0,-0.3897820659,2.6769513283,1.5319086426,-0.0444905254,0.7091484488,-1.6415086017
85,17.0,1,0,1,0,0.7463483959544044,-0.935601812799328,1.0873428210460347,0,0,0,0,0,0,0,0,0,0,0,0,0,0,0,0,0,0,0,1,1,0,0,1,0,1,0,0,0,0,0,0,0,1,1,0,1,0,1,0,0,0,0,0,1,0,1,1,1,1,0,0,1,1,0,1,1,1,0,0,1,0,1,0,1,1,1,1,0,1,0,1,1,1,0,1,0,0,1,1,1,1,1,0,0,0,0,0,1,1,1,1,1,0,1,0,1,0,0,0,0,1,0,0,1,1,1,1,0,0,0,0,1,1,0,0,1,1,0,1,0,0,0,0,0,1,1,1,0,1,1,0,0,1,1,1,1,1,1,1,0,0,0,1,0,1,0,1,1,1,1,1,1,0,0,0,0,1,0,1,0,1,0,0,0,0,0,0,1,1,0,1,1,0,1,1,0,0,0,1,0,0,1,1,0,1,0,1,0,1,0,0,1,1,1,0,0,0,1,0,0,1,0,0,1,1,1,1,0,1,0,0,0,1,0,1,1,0,0,1,1,1,-0.3897820659,0.6043809918,-0.1839219062,0.0921112009,1.0948739708,-0.3526087557
86,37.0,1,0,1,0,0.7463483959544044,-0.935601812799328,1.0873428210460347,0,0,0,0,0,0,0,0,0,0,0,0,0,0,0,0,0,0,0,1,0,0,0,1,0,1,0,0,0,0,0,0,0,1,0,0,0,0,0,0,0,0,0,0,1,0,0,1,1,0,0,0,0,1,0,0,1,1,0,0,0,0,1,0,1,0,1,1,0,0,0,1,0,1,0,0,0,0,1,0,1,1,1,0,0,0,0,0,1,1,1,1,1,0,1,0,1,0,0,0,0,0,0,0,1,1,1,0,0,0,0,0,0,1,0,1,1,1,0,1,0,0,0,0,0,1,1,0,0,1,0,0,0,0,1,0,1,1,0,0,0,0,0,1,0,1,0,0,0,1,0,0,1,0,0,0,0,1,0,0,0,1,0,0,0,0,0,0,1,1,0,0,1,0,0,0,0,0,0,1,0,0,1,0,0,1,0,0,0,1,0,0,1,1,0,0,0,0,1,0,0,1,0,0,1,1,1,1,0,0,0,0,0,1,0,1,1,0,0,1,0,1,-0.3897820659,0.1990375307,-0.0493726165,0.1399668747,0.1008691117,-0.9056949992
87,21.0,1,0,1,0,0.7463483959544044,-0.935601812799328,1.0873428210460347,0,0,0,0,0,0,0,0,0,0,0,0,0,0,0,0,0,0,1,0,0,1,0,1,0,1,0,0,0,1,0,0,1,1,0,1,0,0,1,0,0,0,0,0,1,0,0,0,0,1,0,0,1,0,0,0,1,1,0,1,0,0,1,0,1,0,1,1,0,0,1,1,0,0,0,0,1,0,1,0,0,0,0,0,1,0,1,0,1,1,0,0,1,1,0,1,1,0,1,0,0,0,0,0,1,1,0,1,1,0,0,1,0,0,0,0,1,1,1,1,1,1,0,0,0,1,0,0,0,1,0,0,1,1,0,0,1,1,1,0,1,0,1,0,0,1,0,0,1,1,0,0,1,1,0,1,1,0,0,1,0,0,1,0,1,1,0,0,0,0,0,0,1,0,0,1,0,0,0,1,0,1,0,0,1,0,0,0,0,1,0,1,0,0,1,1,0,0,0,0,0,0,1,1,1,0,1,1,0,0,0,0,1,1,0,1,1,1,0,1,1,0,-0.3897820659,-0.5547913427,0.6136151922,0.2632116237,0.7839108922,-0.5271782222
88,21.0,1,0,1,0,0.7463483959544044,0.1998520543469425,1.0873428210460347,0,0,0,0,0,0,0,0,0,0,0,0,0,0,0,0,0,0,1,0,0,0,1,1,0,1,0,0,0,0,0,0,0,1,0,1,1,0,1,1,0,1,1,0,1,1,0,0,1,0,0,0,1,0,0,1,1,1,0,0,0,0,1,0,1,1,1,1,1,0,0,1,0,0,0,0,0,0,1,1,0,0,0,0,0,0,0,0,0,1,1,0,0,0,0,0,1,0,0,0,0,0,0,1,1,1,0,0,0,1,0,0,0,0,1,1,1,1,0,1,0,0,0,1,0,1,0,1,0,1,0,0,0,0,0,0,1,0,0,0,1,0,0,1,0,1,1,0,1,1,0,0,1,0,0,0,1,1,1,0,0,1,0,1,0,1,0,0,1,0,0,0,1,1,0,0,1,0,0,1,0,0,0,0,0,0,0,0,0,1,0,0,0,1,0,0,1,0,0,0,0,1,0,0,1,0,1,1,0,0,1,1,0,1,0,1,1,0,0,1,0,0,-0.3897820659,0.5420201038,1.456183779,0.0139360078,0.5327356384,-1.3710013772
89,7.0,1,0,1,0,0.7463483959544044,0.8136109014530347,1.0873428210460347,0,0,0,0,0,0,0,0,0,0,0,0,0,0,0,0,0,0,1,0,0,0,1,1,0,1,0,0,0,0,0,0,0,1,0,1,1,0,1,1,0,1,1,0,1,1,0,0,1,0,0,0,1,0,0,1,1,1,0,0,0,0,1,0,1,1,1,1,1,0,0,1,0,0,0,0,0,0,1,1,0,0,0,0,0,0,0,0,0,1,1,0,0,0,0,0,1,0,0,0,0,0,0,1,1,1,0,0,0,1,0,0,0,0,1,1,1,1,0,1,0,0,0,1,0,1,0,1,0,1,0,0,0,0,0,0,1,0,0,0,1,0,0,1,0,1,1,0,1,1,0,0,1,0,0,0,1,1,1,0,0,1,0,1,0,1,0,0,1,0,0,0,1,1,0,0,1,0,0,1,0,0,0,0,0,0,0,0,0,1,0,0,0,1,0,0,1,0,0,0,0,1,0,0,1,0,1,1,0,0,1,1,0,1,0,1,1,0,0,1,0,0,-0.3897820659,0.5420201038,1.456183779,0.0139360078,0.5327356384,-1.3710013772
90,0.0,1,0,1,0,2.0922225525934945,0.8136109014530347,1.0873428210460347,0,0,0,0,0,0,0,0,0,0,0,0,0,0,0,0,0,0,1,0,0,0,1,1,0,1,0,0,0,0,0,0,0,1,0,1,1,0,1,1,0,1,1,0,1,1,0,0,1,0,0,0,1,0,0,1,1,1,0,0,0,0,1,0,1,1,1,1,1,0,0,1,0,0,0,0,0,0,1,1,0,0,0,0,0,0,0,0,0,1,1,0,0,0,0,0,1,0,0,0,0,0,0,1,1,1,0,0,0,1,0,0,0,0,1,1,1,1,0,1,0,0,0,1,0,1,0,1,0,1,0,0,0,0,0,0,1,0,0,0,1,0,0,1,0,1,1,0,1,1,0,0,1,0,0,0,1,1,1,0,0,1,0,1,0,1,0,0,1,0,0,0,1,1,0,0,1,0,0,1,0,0,0,0,0,0,0,0,0,1,0,0,0,1,0,0,1,0,0,0,0,1,0,0,1,0,1,1,0,0,1,1,0,1,0,1,1,0,0,1,0,0,-0.3897820659,0.5420201038,1.456183779,0.0139360078,0.5327356384,-1.3710013772
91,2.0,1,1,1,0,2.0922225525934945,0.8136109014530347,1.0873428210460347,0,0,0,0,0,0,0,0,0,0,0,0,0,0,0,0,0,0,1,0,0,0,1,1,0,1,0,0,0,0,0,0,0,1,0,1,1,0,1,1,0,1,1,0,1,1,0,0,1,0,0,0,1,0,0,1,1,1,0,0,0,0,1,0,1,1,1,1,1,0,0,1,0,0,0,0,0,0,1,1,0,0,0,0,0,0,0,0,0,1,1,0,0,0,0,0,1,0,0,0,0,0,0,1,1,1,0,0,0,1,0,0,0,0,1,1,1,1,0,1,0,0,0,1,0,1,0,1,0,1,0,0,0,0,0,0,1,0,0,0,1,0,0,1,0,1,1,0,1,1,0,0,1,0,0,0,1,1,1,0,0,1,0,1,0,1,0,0,1,0,0,0,1,1,0,0,1,0,0,1,0,0,0,0,0,0,0,0,0,1,0,0,0,1,0,0,1,0,0,0,0,1,0,0,1,0,1,1,0,0,1,1,0,1,0,1,1,0,0,1,0,0,-0.3897820659,0.5420201038,1.456183779,0.0139360078,0.5327356384,-1.3710013772
92,14.0,1,0,1,0,2.0922225525934945,0.8136109014530347,1.0873428210460347,0,0,0,0,0,0,0,0,0,0,0,0,0,0,0,0,0,0,0,0,1,0,0,1,0,0,1,1,0,1,0,0,1,0,1,0,1,0,0,0,0,0,0,0,1,1,1,0,0,1,0,0,0,0,0,0,0,0,0,0,1,0,0,1,0,0,1,0,1,1,0,0,0,0,0,0,1,0,0,0,1,0,1,1,0,1,0,0,1,0,0,0,1,0,0,0,0,0,1,1,0,1,0,0,0,0,0,1,0,0,0,0,1,0,0,0,0,0,1,0,1,0,1,0,0,1,1,0,0,0,0,0,1,0,0,0,0,0,0,0,0,0,0,1,0,0,0,0,0,0,1,1,0,0,0,0,0,0,0,1,1,1,1,0,0,0,0,1,0,0,0,0,1,0,0,0,0,1,0,0,0,0,0,0,0,1,1,0,0,0,1,1,0,0,1,0,0,0,0,0,1,0,0,0,0,0,0,0,0,0,0,0,0,0,0,0,0,0,0,0,1,1,-0.3897820659,-1.3196245737,-0.5088464469,-0.0730892072,-0.0383284518,0.6619642746
93,86.0,1,0,1,0,0.7463483959544044,-0.935601812799328,-0.171685708586216,0,0,0,0,0,0,0,0,0,0,0,0,0,0,0,0,0,0,1,0,0,0,1,1,0,1,0,0,0,0,0,0,0,1,0,1,1,0,1,1,0,1,1,0,1,1,0,0,1,0,0,0,1,0,0,1,1,1,0,0,0,0,1,0,1,1,1,1,1,0,0,1,0,0,0,0,0,0,1,1,0,0,0,0,0,0,0,0,0,1,1,0,0,0,0,0,1,0,0,0,0,0,0,1,1,1,0,0,0,1,0,0,0,0,1,1,1,1,0,1,0,0,0,1,0,1,0,1,0,1,0,0,0,0,0,0,1,0,0,0,1,0,0,1,0,1,1,0,1,1,0,0,1,0,0,0,1,1,1,0,0,1,0,1,0,1,0,0,1,0,0,0,1,1,0,0,1,0,0,1,0,0,0,0,0,0,0,0,0,1,0,0,0,1,0,0,1,0,0,0,0,1,0,0,1,0,1,1,0,0,1,1,0,1,0,1,1,0,0,1,0,0,-0.3897820659,0.5420201038,1.456183779,0.0139360078,0.5327356384,-1.3710013772
94,67.0,1,0,1,0,0.7463483959544044,-0.935601812799328,-0.171685708586216,0,0,0,1,1,1,0,0,0,1,0,0,0,0,0,0,0,0,1,0,0,0,1,1,0,1,0,0,0,0,0,0,0,1,0,1,1,0,1,1,0,1,1,0,1,1,0,0,1,0,0,0,1,0,0,1,1,1,0,0,0,0,1,0,1,1,1,1,1,0,0,1,0,0,0,0,0,0,1,1,0,0,0,0,0,0,0,0,0,1,1,0,0,0,0,0,1,0,0,0,0,0,0,1,1,1,0,0,0,1,0,0,0,0,1,1,1,1,0,1,0,0,0,1,0,1,0,1,0,1,0,0,0,0,0,0,1,0,0,0,1,0,0,1,0,1,1,0,1,1,0,0,1,0,0,0,1,1,1,0,0,1,0,1,0,1,0,0,1,0,0,0,1,1,0,0,1,0,0,1,0,0,0,0,0,0,0,0,0,1,0,0,0,1,0,0,1,0,0,0,0,1,0,0,1,0,1,1,0,0,1,1,0,1,0,1,1,0,0,1,0,0,0.4458447233,0.5420201038,1.456183779,0.0139360078,0.5327356384,-1.3710013772
95,69.0,1,0,1,0,0.7463483959544044,-0.935601812799328,-0.171685708586216,1,1,1,1,0,0,1,1,1,0,1,1,1,1,1,1,1,1,1,0,0,0,1,1,0,1,0,0,0,0,0,0,0,1,0,1,1,0,1,1,0,1,1,0,1,1,0,0,1,0,0,0,1,0,0,1,1,1,0,0,0,0,1,0,1,1,1,1,1,0,0,1,0,0,0,0,0,0,1,1,0,0,0,0,0,0,0,0,0,1,1,0,0,0,0,0,1,0,0,0,0,0,0,1,1,1,0,0,0,1,0,0,0,0,1,1,1,1,0,1,0,0,0,1,0,1,0,1,0,1,0,0,0,0,0,0,1,0,0,0,1,0,0,1,0,1,1,0,1,1,0,0,1,0,0,0,1,1,1,0,0,1,0,1,0,1,0,0,1,0,0,0,1,1,0,0,1,0,0,1,0,0,0,0,0,0,0,0,0,1,0,0,0,1,0,0,1,0,0,0,0,1,0,0,1,0,1,1,0,0,1,1,0,1,0,1,1,0,0,1,0,0,-0.3664814033,0.5420201038,1.456183779,0.0139360078,0.5327356384,-1.3710013772
96,88.0,1,0,1,0,0.7463483959544044,-0.935601812799328,-0.171685708586216,0,0,0,0,0,0,0,0,0,0,0,0,0,1,0,0,0,0,1,0,0,0,1,1,0,1,0,0,0,0,0,0,0,1,0,1,1,0,1,1,0,1,1,0,1,1,0,0,1,0,0,0,1,0,0,1,1,1,0,0,0,0,1,0,1,1,1,1,1,0,0,1,0,0,0,0,0,0,1,1,0,0,0,0,0,0,0,0,0,1,1,0,0,0,0,0,1,0,0,0,0,0,0,1,1,1,0,0,0,1,0,0,0,0,1,1,1,1,0,1,0,0,0,1,0,1,0,1,0,1,0,0,0,0,0,0,1,0,0,0,1,0,0,1,0,1,1,0,1,1,0,0,1,0,0,0,1,1,1,0,0,1,0,1,0,1,0,0,1,0,0,0,1,1,0,0,1,0,0,1,0,0,0,0,0,0,0,0,0,1,0,0,0,1,0,0,1,0,0,0,0,1,0,0,1,0,1,1,0,0,1,1,0,1,0,1,1,0,0,1,0,0,-0.0129073938,0.5420201038,1.456183779,0.0139360078,0.5327356384,-1.3710013772
97,80.0,1,0,1,0,0.7463483959544044,-0.935601812799328,-0.171685708586216,0,1,0,0,0,1,0,0,0,0,0,0,0,0,0,0,0,0,1,0,0,0,1,1,0,1,0,0,0,0,0,0,0,1,0,1,1,0,1,1,0,1,1,0,1,1,0,0,1,0,0,0,1,0,0,1,1,1,0,0,0,0,1,0,1,1,1,1,1,0,0,1,0,0,0,0,0,0,1,1,0,0,0,0,0,0,0,0,0,1,1,0,0,0,0,0,1,0,0,0,0,0,0,1,1,1,0,0,0,1,0,0,0,0,1,1,1,1,0,1,0,0,0,1,0,1,0,1,0,1,0,0,0,0,0,0,1,0,0,0,1,0,0,1,0,1,1,0,1,1,0,0,1,0,0,0,1,1,1,0,0,1,0,1,0,1,0,0,1,0,0,0,1,1,0,0,1,0,0,1,0,0,0,0,0,0,0,0,0,1,0,0,0,1,0,0,1,0,0,0,0,1,0,0,1,0,1,1,0,0,1,1,0,1,0,1,1,0,0,1,0,0,1.3805264227,0.5420201038,1.456183779,0.0139360078,0.5327356384,-1.3710013772
98,84.0,1,0,1,0,0.7463483959544044,-0.935601812799328,-0.171685708586216,0,0,0,0,0,0,0,0,0,0,0,0,0,0,0,0,0,0,1,0,0,0,1,1,0,1,0,0,0,0,0,0,0,1,0,1,1,0,1,1,0,1,1,0,1,1,0,0,1,0,0,0,1,0,0,1,1,1,0,0,0,0,1,0,1,1,1,1,1,0,0,1,0,0,0,0,0,0,1,1,0,0,0,0,0,0,0,0,0,1,1,0,0,0,0,0,1,0,0,0,0,0,0,1,1,1,0,0,0,1,0,0,0,0,1,1,1,1,0,1,0,0,0,1,0,1,0,1,0,1,0,0,0,0,0,0,1,0,0,0,1,0,0,1,0,1,1,0,1,1,0,0,1,0,0,0,1,1,1,0,0,1,0,1,0,1,0,0,1,0,0,0,1,1,0,0,1,0,0,1,0,0,0,0,0,0,0,0,0,1,0,0,0,1,0,0,1,0,0,0,0,1,0,0,1,0,1,1,0,0,1,1,0,1,0,1,1,0,0,1,0,0,1.6761197134,0.5420201038,1.456183779,0.0139360078,0.5327356384,-1.3710013772
99,79.0,1,0,1,0,0.7463483959544044,-0.935601812799328,-0.171685708586216,0,1,0,0,0,1,1,0,0,0,0,0,0,0,0,0,0,0,1,0,0,0,1,1,0,1,0,0,0,0,0,0,0,1,0,1,1,0,1,1,0,1,1,0,1,1,0,0,1,0,0,0,1,0,0,1,1,1,0,0,0,0,1,0,1,1,1,1,1,0,0,1,0,0,0,0,0,0,1,1,0,0,0,0,0,0,0,0,0,1,1,0,0,0,0,0,1,0,0,0,0,0,0,1,1,1,0,0,0,1,0,0,0,0,1,1,1,1,0,1,0,0,0,1,0,1,0,1,0,1,0,0,0,0,0,0,1,0,0,0,1,0,0,1,0,1,1,0,1,1,0,0,1,0,0,0,1,1,1,0,0,1,0,1,0,1,0,0,1,0,0,0,1,1,0,0,1,0,0,1,0,0,0,0,0,0,0,0,0,1,0,0,0,1,0,0,1,0,0,0,0,1,0,0,1,0,1,1,0,0,1,1,0,1,0,1,1,0,0,1,0,0,1.3805264227,0.5420201038,1.456183779,0.0139360078,0.5327356384,-1.3710013772
100,82.0,1,0,1,0,0.7463483959544044,-0.935601812799328,-0.171685708586216,0,0,0,0,0,0,0,1,0,0,0,0,0,0,0,0,0,0,1,0,0,0,1,1,0,1,0,0,0,0,0,0,0,1,0,1,1,0,1,1,0,1,1,0,1,1,0,0,1,0,0,0,1,0,0,1,1,1,0,0,0,0,1,0,1,1,1,1,1,0,0,1,0,0,0,0,0,0,1,1,0,0,0,0,0,0,0,0,0,1,1,0,0,0,0,0,1,0,0,0,0,0,0,1,1,1,0,0,0,1,0,0,0,0,1,1,1,1,0,1,0,0,0,1,0,1,0,1,0,1,0,0,0,0,0,0,1,0,0,0,1,0,0,1,0,1,1,0,1,1,0,0,1,0,0,0,1,1,1,0,0,1,0,1,0,1,0,0,1,0,0,0,1,1,0,0,1,0,0,1,0,0,0,0,0,0,0,0,0,1,0,0,0,1,0,0,1,0,0,0,0,1,0,0,1,0,1,1,0,0,1,1,0,1,0,1,1,0,0,1,0,0,1.6761197134,0.5420201038,1.456183779,0.0139360078,0.5327356384,-1.3710013772
101,90.0,1,0,1,0,0.7463483959544044,-0.935601812799328,-0.171685708586216,0,1,0,0,0,1,1,0,0,0,0,0,0,0,0,0,0,0,1,0,0,0,1,1,0,1,0,0,0,0,0,0,0,1,0,1,1,0,1,1,0,1,1,0,1,1,0,0,1,0,0,0,1,0,0,1,1,1,0,0,0,0,1,0,1,1,1,1,1,0,0,1,0,0,0,0,0,0,1,1,0,0,0,0,0,0,0,0,0,1,1,0,0,0,0,0,1,0,0,0,0,0,0,1,1,1,0,0,0,1,0,0,0,0,1,1,1,1,0,1,0,0,0,1,0,1,0,1,0,1,0,0,0,0,0,0,1,0,0,0,1,0,0,1,0,1,1,0,1,1,0,0,1,0,0,0,1,1,1,0,0,1,0,1,0,1,0,0,1,0,0,0,1,1,0,0,1,0,0,1,0,0,0,0,0,0,0,0,0,1,0,0,0,1,0,0,1,0,0,0,0,1,0,0,1,0,1,1,0,0,1,1,0,1,0,1,1,0,0,1,0,0,3.1508349114,0.5420201038,1.456183779,0.0139360078,0.5327356384,-1.3710013772
102,65.0,1,0,1,0,0.7463483959544044,-0.935601812799328,-0.171685708586216,0,0,0,0,1,0,0,0,1,0,0,0,0,0,0,0,0,0,1,0,0,0,1,1,0,1,0,0,0,0,0,0,0,1,0,1,1,0,1,1,0,1,1,0,1,1,0,0,1,0,0,0,1,0,0,1,1,1,0,0,0,0,1,0,1,1,1,1,1,0,0,1,0,0,0,0,0,0,1,1,0,0,0,0,0,0,0,0,0,1,1,0,0,0,0,0,1,0,0,0,0,0,0,1,1,1,0,0,0,1,0,0,0,0,1,1,1,1,0,1,0,0,0,1,0,1,0,1,0,1,0,0,0,0,0,0,1,0,0,0,1,0,0,1,0,1,1,0,1,1,0,0,1,0,0,0,1,1,1,0,0,1,0,1,0,1,0,0,1,0,0,0,1,1,0,0,1,0,0,1,0,0,0,0,0,0,0,0,0,1,0,0,0,1,0,0,1,0,0,0,0,1,0,0,1,0,1,1,0,0,1,1,0,1,0,1,1,0,0,1,0,0,-0.6385030933,0.5420201038,1.456183779,0.0139360078,0.5327356384,-1.3710013772
103,80.0,1,0,1,0,0.7463483959544044,-0.935601812799328,-0.171685708586216,0,0,0,1,1,1,0,0,0,1,1,0,1,0,0,1,0,0,1,0,0,0,1,1,0,1,0,0,0,0,0,0,0,1,0,1,1,0,1,1,0,1,1,0,1,1,0,0,1,0,0,0,1,0,0,1,1,1,0,0,0,0,1,0,1,1,1,1,1,0,0,1,0,0,0,0,0,0,1,1,0,0,0,0,0,0,0,0,0,1,1,0,0,0,0,0,1,0,0,0,0,0,0,1,1,1,0,0,0,1,0,0,0,0,1,1,1,1,0,1,0,0,0,1,0,1,0,1,0,1,0,0,0,0,0,0,1,0,0,0,1,0,0,1,0,1,1,0,1,1,0,0,1,0,0,0,1,1,1,0,0,1,0,1,0,1,0,0,1,0,0,0,1,1,0,0,1,0,0,1,0,0,0,0,0,0,0,0,0,1,0,0,0,1,0,0,1,0,0,0,0,1,0,0,1,0,1,1,0,0,1,1,0,1,0,1,1,0,0,1,0,0,-0.9679636262,0.5420201038,1.456183779,0.0139360078,0.5327356384,-1.3710013772
104,76.0,1,0,1,0,0.7463483959544044,-0.935601812799328,-0.171685708586216,1,1,1,1,1,0,1,1,1,1,1,1,1,1,1,1,1,1,1,0,0,0,1,1,0,1,0,0,0,0,0,0,0,1,0,1,1,0,1,1,0,1,1,0,1,1,0,0,1,0,0,0,1,0,0,1,1,1,0,0,0,0,1,0,1,1,1,1,1,0,0,1,0,0,0,0,0,0,1,1,0,0,0,0,0,0,0,0,0,1,1,0,0,0,0,0,1,0,0,0,0,0,0,1,1,1,0,0,0,1,0,0,0,0,1,1,1,1,0,1,0,0,0,1,0,1,0,1,0,1,0,0,0,0,0,0,1,0,0,0,1,0,0,1,0,1,1,0,1,1,0,0,1,0,0,0,1,1,1,0,0,1,0,1,0,1,0,0,1,0,0,0,1,1,0,0,1,0,0,1,0,0,0,0,0,0,0,0,0,1,0,0,0,1,0,0,1,0,0,0,0,1,0,0,1,0,1,1,0,0,1,1,0,1,0,1,1,0,0,1,0,0,-1.1248366925,0.5420201038,1.456183779,0.0139360078,0.5327356384,-1.3710013772
105,89.0,1,0,1,0,0.7463483959544044,-0.935601812799328,-0.171685708586216,1,0,0,0,0,0,0,0,0,0,0,0,0,0,0,0,0,0,1,0,0,0,1,1,0,1,0,0,0,0,0,0,0,1,0,1,1,0,1,1,0,1,1,0,1,1,0,0,1,0,0,0,1,0,0,1,1,1,0,0,0,0,1,0,1,1,1,1,1,0,0,1,0,0,0,0,0,0,1,1,0,0,0,0,0,0,0,0,0,1,1,0,0,0,0,0,1,0,0,0,0,0,0,1,1,1,0,0,0,1,0,0,0,0,1,1,1,1,0,1,0,0,0,1,0,1,0,1,0,1,0,0,0,0,0,0,1,0,0,0,1,0,0,1,0,1,1,0,1,1,0,0,1,0,0,0,1,1,1,0,0,1,0,1,0,1,0,0,1,0,0,0,1,1,0,0,1,0,0,1,0,0,0,0,0,0,0,0,0,1,0,0,0,1,0,0,1,0,0,0,0,1,0,0,1,0,1,1,0,0,1,1,0,1,0,1,1,0,0,1,0,0,-0.2231552339,0.5420201038,1.456183779,0.0139360078,0.5327356384,-1.3710013772
106,94.0,1,0,1,0,2.0922225525934945,-0.935601812799328,0.4578285562299093,0,0,0,0,0,0,0,0,0,0,0,0,0,0,0,0,0,0,1,0,0,0,1,1,0,1,0,0,0,0,0,0,0,1,0,1,1,0,1,1,0,1,1,0,1,1,0,0,1,0,0,0,1,0,0,1,1,1,0,0,0,0,1,0,1,1,1,1,1,0,0,1,0,0,0,0,0,0,1,1,0,0,0,0,0,0,0,0,0,1,1,0,0,0,0,0,1,0,0,0,0,0,0,1,1,1,0,0,0,1,0,0,0,0,1,1,1,1,0,1,0,0,0,1,0,1,0,1,0,1,0,0,0,0,0,0,1,0,0,0,1,0,0,1,0,1,1,0,1,1,0,0,1,0,0,0,1,1,1,0,0,1,0,1,0,1,0,0,1,0,0,0,1,1,0,0,1,0,0,1,0,0,0,0,0,0,0,0,0,1,0,0,0,1,0,0,1,0,0,0,0,1,0,0,1,0,1,1,0,0,1,1,0,1,0,1,1,0,0,1,0,0,-0.3897820659,0.5420201038,1.456183779,0.0139360078,0.5327356384,-1.3710013772
107,99.0,1,1,1,0,0.7463483959544044,-0.935601812799328,1.0873428210460347,0,0,0,0,0,0,0,0,0,0,0,0,0,0,0,0,0,0,0,0,1,0,0,0,0,0,0,1,0,1,0,1,1,0,0,0,0,0,0,1,0,0,0,1,0,0,1,1,1,1,0,1,0,1,1,0,1,0,0,0,0,0,0,0,0,0,1,0,0,1,1,0,1,1,1,0,1,0,0,1,1,0,1,1,0,0,0,0,1,0,1,0,1,0,0,1,0,1,0,1,0,0,0,0,0,1,0,0,0,0,0,1,1,0,0,0,1,1,1,0,0,1,1,0,1,1,1,0,1,0,1,1,1,1,0,1,1,0,1,0,0,0,1,0,0,0,0,0,0,0,0,1,1,0,0,1,0,0,0,1,1,1,1,0,0,0,1,0,1,0,0,0,0,1,1,0,1,0,1,1,0,1,0,0,0,1,1,0,1,1,1,1,1,0,1,1,0,1,1,0,1,0,0,0,0,0,1,1,0,1,0,1,0,0,0,0,1,0,1,0,1,1,-1.4924994747,-0.2888419144,-0.7873765608,-0.2706577509,-0.8836936232,0.9408887464
108,80.0,1,1,1,0,0.7463483959544044,-0.935601812799328,1.0873428210460347,0,0,0,0,0,0,0,0,0,0,0,0,0,1,0,0,0,0,0,0,1,0,0,0,0,0,0,1,0,1,0,1,1,0,0,0,0,0,0,1,0,0,0,1,0,0,1,1,1,1,0,1,0,1,1,0,1,0,0,0,0,0,0,0,0,0,1,0,0,1,1,0,1,1,1,0,1,0,0,1,1,0,1,1,0,0,0,0,1,0,1,0,1,0,0,1,0,1,0,1,0,0,0,0,0,1,0,0,0,0,0,1,1,0,0,0,1,1,1,0,0,1,1,0,1,1,1,0,1,0,1,1,1,1,0,1,1,0,1,0,0,0,1,0,0,0,0,0,0,0,0,1,1,0,0,1,0,0,0,1,1,1,1,0,0,0,1,0,1,0,0,0,0,1,1,0,1,0,1,1,0,1,0,0,0,1,1,0,1,1,1,1,1,0,1,1,0,1,1,0,1,0,0,0,0,0,1,1,0,1,0,1,0,0,0,0,1,0,1,0,1,1,-0.0129073938,-0.2888419144,-0.7873765608,-0.2706577509,-0.8836936232,0.9408887464
109,97.0,1,1,1,0,0.7463483959544044,-0.935601812799328,1.0873428210460347,0,1,0,0,0,1,0,0,0,0,0,0,0,0,0,0,0,0,0,0,1,0,0,0,0,0,0,1,0,1,0,1,1,0,0,0,0,0,0,1,0,0,0,1,0,0,1,1,1,1,0,1,0,1,1,0,1,0,0,0,0,0,0,0,0,0,1,0,0,1,1,0,1,1,1,0,1,0,0,1,1,0,1,1,0,0,0,0,1,0,1,0,1,0,0,1,0,1,0,1,0,0,0,0,0,1,0,0,0,0,0,1,1,0,0,0,1,1,1,0,0,1,1,0,1,1,1,0,1,0,1,1,1,1,0,1,1,0,1,0,0,0,1,0,0,0,0,0,0,0,0,1,1,0,0,1,0,0,0,1,1,1,1,0,0,0,1,0,1,0,0,0,0,1,1,0,1,0,1,1,0,1,0,0,0,1,1,0,1,1,1,1,1,0,1,1,0,1,1,0,1,0,0,0,0,0,1,1,0,1,0,1,0,0,0,0,1,0,1,0,1,1,1.3805264227,-0.2888419144,-0.7873765608,-0.2706577509,-0.8836936232,0.9408887464
110,98.0,1,1,1,0,0.7463483959544044,-0.935601812799328,2.346371350678285,0,0,0,0,0,0,0,0,0,0,0,0,0,0,0,0,0,0,0,0,1,0,0,0,0,0,0,1,0,1,0,1,1,0,0,0,0,0,0,1,0,0,0,1,0,0,1,1,1,1,0,1,0,1,1,0,1,0,0,0,0,0,0,0,0,0,1,0,0,1,1,0,1,1,1,0,1,0,0,1,1,0,1,1,0,0,0,0,1,0,1,0,1,0,0,1,0,1,0,1,0,0,0,0,0,1,0,0,0,0,0,1,1,0,0,0,1,1,1,0,0,1,1,0,1,1,1,0,1,0,1,1,1,1,0,1,1,0,1,0,0,0,1,0,0,0,0,0,0,0,0,1,1,0,0,1,0,0,0,1,1,1,1,0,0,0,1,0,1,0,0,0,0,1,1,0,1,0,1,1,0,1,0,0,0,1,1,0,1,1,1,1,1,0,1,1,0,1,1,0,1,0,0,0,0,0,1,1,0,1,0,1,0,0,0,0,1,0,1,0,1,1,1.6761197134,-0.2888419144,-0.7873765608,-0.2706577509,-0.8836936232,0.9408887464
111,99.0,1,1,1,0,0.7463483959544044,-0.935601812799328,1.0873428210460347,0,0,0,0,1,0,0,0,1,0,0,0,0,0,0,0,0,0,0,0,1,0,0,0,0,0,0,1,0,1,0,1,1,0,0,0,0,0,0,1,0,0,0,1,0,0,1,1,1,1,0,1,0,1,1,0,1,0,0,0,0,0,0,0,0,0,1,0,0,1,1,0,1,1,1,0,1,0,0,1,1,0,1,1,0,0,0,0,1,0,1,0,1,0,0,1,0,1,0,1,0,0,0,0,0,1,0,0,0,0,0,1,1,0,0,0,1,1,1,0,0,1,1,0,1,1,1,0,1,0,1,1,1,1,0,1,1,0,1,0,0,0,1,0,0,0,0,0,0,0,0,1,1,0,0,1,0,0,0,1,1,1,1,0,0,0,1,0,1,0,0,0,0,1,1,0,1,0,1,1,0,1,0,0,0,1,1,0,1,1,1,1,1,0,1,1,0,1,1,0,1,0,0,0,0,0,1,1,0,1,0,1,0,0,0,0,1,0,1,0,1,1,-0.6385030933,-0.2888419144,-0.7873765608,-0.2706577509,-0.8836936232,0.9408887464
112,75.0,1,1,1,0,0.7463483959544044,-0.935601812799328,1.0873428210460347,0,0,0,1,1,1,0,0,0,1,0,0,0,0,0,0,0,0,0,0,1,0,0,0,0,0,0,1,0,1,0,1,1,0,0,0,0,0,0,1,0,0,0,1,0,0,1,1,1,1,0,1,0,1,1,0,1,0,0,0,0,0,0,0,0,0,1,0,0,1,1,0,1,1,1,0,1,0,0,1,1,0,1,1,0,0,0,0,1,0,1,0,1,0,0,1,0,1,0,1,0,0,0,0,0,1,0,0,0,0,0,1,1,0,0,0,1,1,1,0,0,1,1,0,1,1,1,0,1,0,1,1,1,1,0,1,1,0,1,0,0,0,1,0,0,0,0,0,0,0,0,1,1,0,0,1,0,0,0,1,1,1,1,0,0,0,1,0,1,0,0,0,0,1,1,0,1,0,1,1,0,1,0,0,0,1,1,0,1,1,1,1,1,0,1,1,0,1,1,0,1,0,0,0,0,0,1,1,0,1,0,1,0,0,0,0,1,0,1,0,1,1,0.4458447233,-0.2888419144,-0.7873765608,-0.2706577509,-0.8836936232,0.9408887464
113,95.0,1,1,1,0,0.7463483959544044,-0.935601812799328,1.0873428210460347,1,1,1,1,0,0,1,1,1,0,1,1,1,1,1,1,1,1,0,0,1,0,0,0,0,0,0,1,0,1,0,1,1,0,0,0,0,0,0,1,0,0,0,1,0,0,1,1,1,1,0,1,0,1,1,0,1,0,0,0,0,0,0,0,0,0,1,0,0,1,1,0,1,1,1,0,1,0,0,1,1,0,1,1,0,0,0,0,1,0,1,0,1,0,0,1,0,1,0,1,0,0,0,0,0,1,0,0,0,0,0,1,1,0,0,0,1,1,1,0,0,1,1,0,1,1,1,0,1,0,1,1,1,1,0,1,1,0,1,0,0,0,1,0,0,0,0,0,0,0,0,1,1,0,0,1,0,0,0,1,1,1,1,0,0,0,1,0,1,0,0,0,0,1,1,0,1,0,1,1,0,1,0,0,0,1,1,0,1,1,1,1,1,0,1,1,0,1,1,0,1,0,0,0,0,0,1,1,0,1,0,1,0,0,0,0,1,0,1,0,1,1,-0.3664814033,-0.2888419144,-0.7873765608,-0.2706577509,-0.8836936232,0.9408887464
114,95.0,1,1,1,0,0.7463483959544044,-0.935601812799328,1.0873428210460347,0,1,0,0,0,1,1,0,0,0,0,0,0,0,0,0,0,0,0,0,1,0,0,0,0,0,0,1,0,1,0,1,1,0,0,0,0,0,0,1,0,0,0,1,0,0,1,1,1,1,0,1,0,1,1,0,1,0,0,0,0,0,0,0,0,0,1,0,0,1,1,0,1,1,1,0,1,0,0,1,1,0,1,1,0,0,0,0,1,0,1,0,1,0,0,1,0,1,0,1,0,0,0,0,0,1,0,0,0,0,0,1,1,0,0,0,1,1,1,0,0,1,1,0,1,1,1,0,1,0,1,1,1,1,0,1,1,0,1,0,0,0,1,0,0,0,0,0,0,0,0,1,1,0,0,1,0,0,0,1,1,1,1,0,0,0,1,0,1,0,0,0,0,1,1,0,1,0,1,1,0,1,0,0,0,1,1,0,1,1,1,1,1,0,1,1,0,1,1,0,1,0,0,0,0,0,1,1,0,1,0,1,0,0,0,0,1,0,1,0,1,1,1.3805264227,-0.2888419144,-0.7873765608,-0.2706577509,-0.8836936232,0.9408887464
115,81.0,1,1,1,0,0.7463483959544044,-0.935601812799328,2.346371350678285,0,1,0,0,0,1,1,0,0,0,0,0,0,0,0,0,0,0,0,0,1,0,0,0,0,0,0,1,0,1,0,1,1,0,0,0,0,0,0,1,0,0,0,1,0,0,1,1,1,1,0,1,0,1,1,0,1,0,0,0,0,0,0,0,0,0,1,0,0,1,1,0,1,1,1,0,1,0,0,1,1,0,1,1,0,0,0,0,1,0,1,0,1,0,0,1,0,1,0,1,0,0,0,0,0,1,0,0,0,0,0,1,1,0,0,0,1,1,1,0,0,1,1,0,1,1,1,0,1,0,1,1,1,1,0,1,1,0,1,0,0,0,1,0,0,0,0,0,0,0,0,1,1,0,0,1,0,0,0,1,1,1,1,0,0,0,1,0,1,0,0,0,0,1,1,0,1,0,1,1,0,1,0,0,0,1,1,0,1,1,1,1,1,0,1,1,0,1,1,0,1,0,0,0,0,0,1,1,0,1,0,1,0,0,0,0,1,0,1,0,1,1,1.3805264227,-0.2888419144,-0.7873765608,-0.2706577509,-0.8836936232,0.9408887464
116,95.0,1,1,1,0,0.7463483959544044,-0.935601812799328,2.346371350678285,0,0,0,0,0,0,0,1,0,0,0,0,0,0,0,0,0,0,0,0,1,0,0,0,0,0,0,1,0,1,0,1,1,0,0,0,0,0,0,1,0,0,0,1,0,0,1,1,1,1,0,1,0,1,1,0,1,0,0,0,0,0,0,0,0,0,1,0,0,1,1,0,1,1,1,0,1,0,0,1,1,0,1,1,0,0,0,0,1,0,1,0,1,0,0,1,0,1,0,1,0,0,0,0,0,1,0,0,0,0,0,1,1,0,0,0,1,1,1,0,0,1,1,0,1,1,1,0,1,0,1,1,1,1,0,1,1,0,1,0,0,0,1,0,0,0,0,0,0,0,0,1,1,0,0,1,0,0,0,1,1,1,1,0,0,0,1,0,1,0,0,0,0,1,1,0,1,0,1,1,0,1,0,0,0,1,1,0,1,1,1,1,1,0,1,1,0,1,1,0,1,0,0,0,0,0,1,1,0,1,0,1,0,0,0,0,1,0,1,0,1,1,1.6761197134,-0.2888419144,-0.7873765608,-0.2706577509,-0.8836936232,0.9408887464
117,89.0,1,1,1,0,0.7463483959544044,-0.935601812799328,1.0873428210460347,1,1,1,1,1,0,1,1,1,1,1,1,1,1,1,1,1,1,0,0,1,0,0,0,0,0,0,1,0,1,0,1,1,0,0,0,0,0,0,1,0,0,0,1,0,0,1,1,1,1,0,1,0,1,1,0,1,0,0,0,0,0,0,0,0,0,1,0,0,1,1,0,1,1,1,0,1,0,0,1,1,0,1,1,0,0,0,0,1,0,1,0,1,0,0,1,0,1,0,1,0,0,0,0,0,1,0,0,0,0,0,1,1,0,0,0,1,1,1,0,0,1,1,0,1,1,1,0,1,0,1,1,1,1,0,1,1,0,1,0,0,0,1,0,0,0,0,0,0,0,0,1,1,0,0,1,0,0,0,1,1,1,1,0,0,0,1,0,1,0,0,0,0,1,1,0,1,0,1,1,0,1,0,0,0,1,1,0,1,1,1,1,1,0,1,1,0,1,1,0,1,0,0,0,0,0,1,1,0,1,0,1,0,0,0,0,1,0,1,0,1,1,-0.3664814033,-0.2888419144,-0.7873765608,-0.2706577509,-0.8836936232,0.9408887464
118,99.0,1,1,1,0,0.7463483959544044,-0.935601812799328,2.346371350678285,1,0,0,1,1,1,0,0,0,1,0,0,0,0,0,0,1,0,0,0,1,0,0,0,0,0,0,1,0,1,0,1,1,0,0,0,0,0,0,1,0,0,0,1,0,0,1,1,1,1,0,1,0,1,1,0,1,0,0,0,0,0,0,0,0,0,1,0,0,1,1,0,1,1,1,0,1,0,0,1,1,0,1,1,0,0,0,0,1,0,1,0,1,0,0,1,0,1,0,1,0,0,0,0,0,1,0,0,0,0,0,1,1,0,0,0,1,1,1,0,0,1,1,0,1,1,1,0,1,0,1,1,1,1,0,1,1,0,1,0,0,0,1,0,0,0,0,0,0,0,0,1,1,0,0,1,0,0,0,1,1,1,1,0,0,0,1,0,1,0,0,0,0,1,1,0,1,0,1,1,0,1,0,0,0,1,1,0,1,1,1,1,1,0,1,1,0,1,1,0,1,0,0,0,0,0,1,1,0,1,0,1,0,0,0,0,1,0,1,0,1,1,1.2814715125,-0.2888419144,-0.7873765608,-0.2706577509,-0.8836936232,0.9408887464
119,83.0,1,1,1,0,0.7463483959544044,0.1998520543469425,1.0873428210460347,0,0,0,0,0,0,0,0,0,0,0,0,0,0,0,0,0,1,0,0,1,0,0,0,0,0,0,1,0,1,0,1,1,0,0,0,0,0,0,1,0,0,0,1,0,0,1,1,1,1,0,1,0,1,1,0,1,0,0,0,0,0,0,0,0,0,1,0,0,1,1,0,1,1,1,0,1,0,0,1,1,0,1,1,0,0,0,0,1,0,1,0,1,0,0,1,0,1,0,1,0,0,0,0,0,1,0,0,0,0,0,1,1,0,0,0,1,1,1,0,0,1,1,0,1,1,1,0,1,0,1,1,1,1,0,1,1,0,1,0,0,0,1,0,0,0,0,0,0,0,0,1,1,0,0,1,0,0,0,1,1,1,1,0,0,0,1,0,1,0,0,0,0,1,1,0,1,0,1,1,0,1,0,0,0,1,1,0,1,1,1,1,1,0,1,1,0,1,1,0,1,0,0,0,0,0,1,1,0,1,0,1,0,0,0,0,1,0,1,0,1,1,-0.2231552339,-0.2888419144,-0.7873765608,-0.2706577509,-0.8836936232,0.9408887464
120,99.0,0,1,1,0,0.7463483959544044,-0.935601812799328,-0.8011999734023415,0,0,0,0,0,0,0,0,0,0,0,0,0,0,0,0,0,0,0,0,1,0,0,0,0,0,0,1,0,1,0,1,1,0,0,0,0,0,0,1,0,0,0,1,0,0,1,1,1,1,0,1,0,1,1,0,1,0,0,0,0,0,0,0,0,0,1,0,0,1,1,0,1,1,1,0,1,0,0,1,1,0,1,1,0,0,0,0,1,0,1,0,1,0,0,1,0,1,0,1,0,0,0,0,0,1,0,0,0,0,0,1,1,0,0,0,1,1,1,0,0,1,1,0,1,1,1,0,1,0,1,1,1,1,0,1,1,0,1,0,0,0,1,0,0,0,0,0,0,0,0,1,1,0,0,1,0,0,0,1,1,1,1,0,0,0,1,0,1,0,0,0,0,1,1,0,1,0,1,1,0,1,0,0,0,1,1,0,1,1,1,1,1,0,1,1,0,1,1,0,1,0,0,0,0,0,1,1,0,1,0,1,0,0,0,0,1,0,1,0,1,1,-0.3897820659,-0.2888419144,-0.7873765608,-0.2706577509,-0.8836936232,0.9408887464
