,yield,412_organocatalyst,1948_organocatalyst,302_organocatalyst,1485_organocatalyst,1796_organocatalyst,892_organocatalyst,946_R1-,2006_organocatalyst,280_organocatalyst,1820_R1-,1813_R1-,934_organocatalyst,1214_organocatalyst,1114_R1-,778_organocatalyst,523_R1-,82_R1-,876_organocatalyst,1030_organocatalyst
0,81.0,-1.0418844122229105,-0.5658917597843955,-0.5497712116514781,0.3850738649398101,-1.02854977714827,-0.6611368874743295,-0.9338867994574804,-0.6115256550207915,-0.747735998989331,-1.0632291354613486,-0.9548414685938388,-0.3634476600149043,-1.9166548504451115,-1.087699647379818,-0.5027093945162604,-1.116867108954793,-0.8596419478719819,-0.5880827047105909,-0.0921655525425867
1,14.0,-1.0418844122229105,-0.5658917597843955,-0.5497712116514781,0.3850738649398101,-1.02854977714827,-0.6611368874743295,-0.9338867994574804,-0.6115256550207915,-0.747735998989331,-1.0632291354613486,-0.9548414685938388,-0.3634476600149043,-1.9166548504451115,-1.087699647379818,-0.5027093945162604,-1.116867108954793,-0.8596419478719819,-0.5880827047105909,-0.0921655525425867
2,74.0,-1.0418844122229105,-0.5658917597843955,-0.5497712116514781,0.3850738649398101,1.1833282799751328,-0.6611368874743295,-0.9338867994574804,-0.9871698985021482,0.6516097795580041,-1.0632291354613486,-0.9548414685938388,-0.3634476600149043,-0.7463137255300847,-1.087699647379818,-0.5027093945162604,-1.116867108954793,-0.8596419478719819,-0.5880827047105909,-0.650822219060186
3,15.0,-1.0418844122229105,-0.5658917597843955,-0.5497712116514781,0.3850738649398101,1.1833282799751328,-0.6611368874743295,-0.9338867994574804,-0.9871698985021482,0.6516097795580041,-1.0632291354613486,-0.9548414685938388,-0.3634476600149043,-0.7463137255300847,-1.087699647379818,-0.5027093945162604,-1.116867108954793,-0.8596419478719819,-0.5880827047105909,-0.650822219060186
4,90.0,-1.0418844122229105,-0.5658917597843955,-0.5497712116514781,0.3850738649398101,1.4109025476081418,-0.6611368874743295,-0.9338867994574804,-0.322046320454752,-0.2443524398483393,-1.0632291354613486,-0.9548414685938388,-0.6816169632266371,0.0433908039550543,-1.087699647379818,-0.5027093945162604,-1.116867108954793,-0.8596419478719819,-0.5880827047105909,-0.0921655525425867
5,81.0,-1.0418844122229105,-0.5658917597843955,-0.5497712116514781,0.3850738649398101,1.4109025476081418,-0.6611368874743295,-0.9338867994574804,-0.322046320454752,-0.2443524398483393,-1.0632291354613486,-0.9548414685938388,-0.6816169632266371,0.0433908039550543,-1.087699647379818,-0.5027093945162604,-1.116867108954793,-0.8596419478719819,-0.5880827047105909,-0.0921655525425867
6,43.0,-1.0418844122229105,-0.5658917597843955,-0.5497712116514781,0.3850738649398101,1.4109025476081418,-0.6611368874743295,-0.9338867994574804,-0.322046320454752,-0.2443524398483393,-1.0632291354613486,-0.9548414685938388,-0.6816169632266371,0.0433908039550543,-1.087699647379818,-0.5027093945162604,-1.116867108954793,-0.8596419478719819,-0.5880827047105909,-0.0921655525425867
7,88.0,0.7860795190077997,-0.5658917597843955,-0.5497712116514781,0.2231269988235053,0.7585387847191534,0.1507534127897385,-0.9338867994574804,-0.831765574858813,0.1968307319176934,-1.0632291354613486,-0.9548414685938388,-0.6816169632266371,0.0433908039550543,-1.087699647379818,-0.5027093945162604,-1.116867108954793,-0.8596419478719819,-0.5880827047105909,-0.0921655525425867
8,95.0,0.7860795190077997,-0.5658917597843955,-0.5497712116514781,0.2231269988235053,0.7585387847191534,0.1507534127897385,-0.9338867994574804,-0.831765574858813,0.1968307319176934,-1.0632291354613486,-0.9548414685938388,-0.6816169632266371,0.0433908039550543,-1.087699647379818,-0.5027093945162604,-1.116867108954793,-0.8596419478719819,-0.5880827047105909,-0.0921655525425867
9,65.0,0.7860795190077997,-0.5658917597843955,-0.5497712116514781,0.2231269988235053,0.7585387847191534,0.1507534127897385,-0.9338867994574804,-0.831765574858813,0.1968307319176934,-1.0632291354613486,-0.9548414685938388,-0.6816169632266371,0.0433908039550543,-1.087699647379818,-0.5027093945162604,-1.116867108954793,-0.8596419478719819,-0.5880827047105909,-0.0921655525425867
10,33.0,-0.5126694600939505,0.2115253334839214,-0.7441178102861326,-0.0408821840097971,0.9954225589695548,-0.5220925545334519,-0.9338867994574804,-0.8209354629356262,-0.6567581566105023,-1.0632291354613486,-0.9548414685938388,-0.5625360024278339,-2.040174334649365,-1.087699647379818,-0.7967303729714664,-1.116867108954793,-0.8596419478719819,-0.4134412410967064,0.909553506652248
11,93.0,1.3643285487298782,1.4884671694337863,1.0836663572003455,1.1972629838508448,0.4379846921494772,1.327236178219779,-0.9338867994574804,0.826048200562686,1.2430690056464688,-1.0632291354613486,-0.9548414685938388,1.7715498449396323,1.1294414518807394,-1.087699647379818,2.121955838222906,-1.116867108954793,-0.8596419478719819,1.6959699970232571,-0.0921655525425867
12,84.0,1.9540752990810293,1.9900695868172056,2.0775950724355208,1.0604175183157312,0.6360958389296878,1.327236178219779,-0.9338867994574804,0.826048200562686,1.5610589918748785,-1.0632291354613486,-0.9548414685938388,0.2117736143383135,1.2059366196995691,-1.087699647379818,2.121955838222906,-1.116867108954793,-0.8596419478719819,0.8344637021643148,-0.612980565941137
13,87.0,0.7860795190077997,-0.5658917597843955,-0.5497712116514781,0.2231269988235053,0.7585387847191534,0.1507534127897385,-0.9338867994574804,-0.831765574858813,0.1968307319176934,-1.0632291354613486,-0.9548414685938388,-0.6816169632266371,0.0433908039550543,-1.087699647379818,-0.5027093945162604,-1.116867108954793,-0.8596419478719819,-0.5880827047105909,-0.0921655525425867
14,85.0,0.7860795190077997,-0.5658917597843955,-0.5497712116514781,0.2231269988235053,0.7585387847191534,0.1507534127897385,-0.9338867994574804,-0.831765574858813,0.1968307319176934,1.0143859236275947,0.4439599673021102,-0.6816169632266371,0.0433908039550543,-1.087699647379818,-0.5027093945162604,-1.116867108954793,0.5032660322826934,-0.5880827047105909,-0.0921655525425867
15,85.0,0.7860795190077997,-0.5658917597843955,-0.5497712116514781,0.2231269988235053,0.7585387847191534,0.1507534127897385,1.0792776476906778,-0.831765574858813,0.1968307319176934,1.0143859236275947,1.170917160603126,-0.6816169632266371,0.0433908039550543,1.03099485623337,-0.5027093945162604,0.8889250455614218,1.8691072746829436,-0.5880827047105909,-0.0921655525425867
16,86.0,0.7860795190077997,-0.5658917597843955,-0.5497712116514781,0.2231269988235053,0.7585387847191534,0.1507534127897385,-0.9338867994574804,-0.831765574858813,0.1968307319176934,0.8451672084107738,1.170917160603126,-0.6816169632266371,0.0433908039550543,-1.087699647379818,-0.5027093945162604,-1.116867108954793,-0.3053609796535012,-0.5880827047105909,-0.0921655525425867
17,84.0,0.7860795190077997,-0.5658917597843955,-0.5497712116514781,0.2231269988235053,0.7585387847191534,0.1507534127897385,1.0792776476906778,-0.831765574858813,0.1968307319176934,0.8451672084107738,1.170917160603126,-0.6816169632266371,0.0433908039550543,1.03099485623337,-0.5027093945162604,0.8889250455614218,-0.6414650612129099,-0.5880827047105909,-0.0921655525425867
18,68.0,0.7860795190077997,-0.5658917597843955,-0.5497712116514781,0.2231269988235053,0.7585387847191534,0.1507534127897385,0.3810068651938893,-0.831765574858813,0.1968307319176934,0.8088328444728345,1.170917160603126,-0.6816169632266371,0.0433908039550543,0.7372147759914482,-0.5027093945162604,0.8889250455614218,0.078790666210544,-0.5880827047105909,-0.0921655525425867
19,88.0,0.7860795190077997,-0.5658917597843955,-0.5497712116514781,0.2231269988235053,0.7585387847191534,0.1507534127897385,1.0792776476906778,-0.831765574858813,0.1968307319176934,1.0143859236275947,1.170917160603126,-0.6816169632266371,0.0433908039550543,1.03099485623337,-0.5027093945162604,0.8889250455614218,1.8691072746829436,-0.5880827047105909,-0.0921655525425867
20,85.0,0.7860795190077997,-0.5658917597843955,-0.5497712116514781,0.2231269988235053,0.7585387847191534,0.1507534127897385,1.0792776476906778,-0.831765574858813,0.1968307319176934,1.0143859236275947,1.170917160603126,-0.6816169632266371,0.0433908039550543,1.03099485623337,-0.5027093945162604,0.8889250455614218,1.8691072746829436,-0.5880827047105909,-0.0921655525425867
21,68.0,0.7860795190077997,-0.5658917597843955,-0.5497712116514781,0.2231269988235053,0.7585387847191534,0.1507534127897385,1.0792776476906778,-0.831765574858813,0.1968307319176934,1.0143859236275947,0.4427873733594923,-0.6816169632266371,0.0433908039550543,1.03099485623337,-0.5027093945162604,0.8889250455614218,0.0189735545336326,-0.5880827047105909,-0.0921655525425867
22,87.0,0.7860795190077997,-0.5658917597843955,-0.5497712116514781,0.2231269988235053,0.7585387847191534,0.1507534127897385,1.0792776476906778,-0.831765574858813,0.1968307319176934,1.0143859236275947,-0.541852501466416,-0.6816169632266371,0.0433908039550543,1.03099485623337,-0.5027093945162604,0.8889250455614218,0.061932034967179,-0.5880827047105909,-0.0921655525425867
23,37.0,0.7860795190077997,-0.5658917597843955,-0.5497712116514781,0.2231269988235053,0.7585387847191534,0.1507534127897385,-1.7030589097496769,-0.831765574858813,0.1968307319176934,-1.281429390252064,-0.9366083661966164,-0.6816169632266371,0.0433908039550543,-0.4365142739894774,-0.5027093945162604,0.8889250455614218,0.2337180603500145,-0.5880827047105909,-0.0921655525425867
24,9.0,0.7860795190077997,-0.5658917597843955,-0.5497712116514781,0.2231269988235053,0.7585387847191534,0.1507534127897385,-2.398643049109765,-0.831765574858813,0.1968307319176934,1.0143859236275947,-0.2971947587647678,-0.6816169632266371,0.0433908039550543,1.03099485623337,-0.5027093945162604,0.8889250455614218,-0.1751292432332176,-0.5880827047105909,-0.0921655525425867
25,84.0,0.7860795190077997,-0.5658917597843955,-0.5497712116514781,0.2231269988235053,0.7585387847191534,0.1507534127897385,1.0792776476906778,-0.831765574858813,0.1968307319176934,1.0143859236275947,1.170917160603126,-0.6816169632266371,0.0433908039550543,1.03099485623337,-0.5027093945162604,0.8889250455614218,1.0387604694894224,-0.5880827047105909,-0.0921655525425867
26,86.0,0.7860795190077997,-0.5658917597843955,-0.5497712116514781,-0.2913388350696258,-0.0892320381952652,0.7426557552681239,-0.9338867994574804,-0.322046320454752,0.784682886172825,-1.0632291354613486,-0.9548414685938388,-0.7168032960279015,0.0433908039550543,-1.087699647379818,-0.7489663110430561,-1.116867108954793,-0.8596419478719819,-0.5880827047105909,-0.0921655525425867
27,39.0,0.7860795190077997,-0.5658917597843955,-0.5497712116514781,-0.2913388350696258,-0.0892320381952652,0.7426557552681239,-0.9338867994574804,-0.322046320454752,0.784682886172825,1.0143859236275947,0.4439599673021102,-0.7168032960279015,0.0433908039550543,-1.087699647379818,-0.7489663110430561,-1.116867108954793,0.5032660322826934,-0.5880827047105909,-0.0921655525425867
28,88.0,0.7860795190077997,-0.5658917597843955,-0.5497712116514781,-0.2913388350696258,-0.0892320381952652,0.7426557552681239,1.0792776476906778,-0.322046320454752,0.784682886172825,1.0143859236275947,1.170917160603126,-0.7168032960279015,0.0433908039550543,1.03099485623337,-0.7489663110430561,0.8889250455614218,1.8691072746829436,-0.5880827047105909,-0.0921655525425867
29,83.0,0.7860795190077997,-0.5658917597843955,-0.5497712116514781,-0.2913388350696258,-0.0892320381952652,0.7426557552681239,-0.9338867994574804,-0.322046320454752,0.784682886172825,0.8451672084107738,1.170917160603126,-0.7168032960279015,0.0433908039550543,-1.087699647379818,-0.7489663110430561,-1.116867108954793,-0.3053609796535012,-0.5880827047105909,-0.0921655525425867
30,83.0,0.7860795190077997,-0.5658917597843955,-0.5497712116514781,-0.2913388350696258,-0.0892320381952652,0.7426557552681239,1.0792776476906778,-0.322046320454752,0.784682886172825,0.8451672084107738,1.170917160603126,-0.7168032960279015,0.0433908039550543,1.03099485623337,-0.7489663110430561,0.8889250455614218,-0.6414650612129099,-0.5880827047105909,-0.0921655525425867
31,86.0,0.7860795190077997,-0.5658917597843955,-0.5497712116514781,-0.2913388350696258,-0.0892320381952652,0.7426557552681239,0.3810068651938893,-0.322046320454752,0.784682886172825,0.8088328444728345,1.170917160603126,-0.7168032960279015,0.0433908039550543,0.7372147759914482,-0.7489663110430561,0.8889250455614218,0.078790666210544,-0.5880827047105909,-0.0921655525425867
32,87.0,0.7860795190077997,-0.5658917597843955,-0.5497712116514781,-0.2913388350696258,-0.0892320381952652,0.7426557552681239,1.0792776476906778,-0.322046320454752,0.784682886172825,1.0143859236275947,1.170917160603126,-0.7168032960279015,0.0433908039550543,1.03099485623337,-0.7489663110430561,0.8889250455614218,1.8691072746829436,-0.5880827047105909,-0.0921655525425867
33,7.0,0.3887804892759918,-0.5658917597843955,-0.5497712116514781,-0.9336738553015947,-0.9955300820243986,1.327236178219779,-0.9338867994574804,-0.9449815918253578,-0.29705619873655,-1.0632291354613486,-0.9548414685938388,1.7715498449396323,0.0433908039550543,-1.087699647379818,-0.5027093945162604,-1.116867108954793,-0.8596419478719819,-0.5880827047105909,-0.0921655525425867
34,32.0,-1.0418844122229105,-0.5658917597843955,-0.5497712116514781,-0.9336738553015947,-0.9859635384273656,-0.6611368874743295,-0.9338867994574804,-0.322046320454752,-0.2379647282869943,-1.0632291354613486,-0.9548414685938388,-0.3634476600149043,-2.2816519090613783,-1.087699647379818,-0.5027093945162604,-1.116867108954793,-0.8596419478719819,-0.5880827047105909,-0.3522682654085386
35,80.0,0.3887804892759918,-0.5658917597843955,-0.5497712116514781,-0.9336738553015947,-0.9859635384273656,-1.2793916466916322,-0.9338867994574804,-0.322046320454752,0.784682886172825,-1.0632291354613486,-0.9548414685938388,-0.8029730264289056,0.0433908039550543,-1.087699647379818,-0.7489663110430561,-1.116867108954793,-0.8596419478719819,-0.5880827047105909,-0.0921655525425867
36,6.0,0.3887804892759918,-0.5658917597843955,-0.5497712116514781,-0.9336738553015947,-0.9859635384273656,-1.2793916466916322,-0.9338867994574804,-0.322046320454752,0.1968307319176934,-1.0632291354613486,-0.9548414685938388,-0.8029730264289056,0.0433908039550543,-1.087699647379818,-0.5027093945162604,-1.116867108954793,-0.8596419478719819,-0.5880827047105909,-0.0921655525425867
37,11.0,-0.1214409027098816,-0.5658917597843955,-0.5497712116514781,-0.9336738553015947,-0.9859635384273656,-1.2793916466916322,-0.9338867994574804,-0.322046320454752,-1.552934084525735,-1.0632291354613486,-0.9548414685938388,-0.8029730264289056,0.0433908039550543,-1.087699647379818,-0.7489663110430561,-1.116867108954793,-0.8596419478719819,-0.5880827047105909,-0.0921655525425867
38,32.0,0.3887804892759918,-0.5658917597843955,-0.5497712116514781,-0.9336738553015947,-0.9859635384273656,0.7426557552681239,-0.9338867994574804,-0.322046320454752,-1.7025483258253231,-1.0632291354613486,-0.9548414685938388,-0.7168032960279015,0.0433908039550543,-1.087699647379818,-0.7489663110430561,-1.116867108954793,-0.8596419478719819,-0.5880827047105909,-0.0921655525425867
39,3.0,0.7860795190077997,-0.3997460539612311,0.1449044296675004,3.4788266106298837,1.4109025476081418,0.7426557552681239,-0.9338867994574804,0.826048200562686,2.3150174593814983,-1.0632291354613486,-0.9548414685938388,0.7033368877235744,5.15743456324684,-1.087699647379818,2.121955838222906,-1.116867108954793,-0.8596419478719819,2.265476759682614,-0.0921655525425867
40,0.0,-1.0418844122229105,-1.073899121776155,-0.5497712116514781,-0.7580254506892943,-0.3001227623659498,-0.6611368874743295,-0.9338867994574804,-0.9871698985021482,-1.180831988056506,-1.0632291354613486,-0.9548414685938388,-0.7309542876308159,-2.0689574772030963,-1.087699647379818,-0.8817404305523725,-1.116867108954793,-0.8596419478719819,-0.5880827047105909,-0.650822219060186
41,50.0,0.7860795190077997,-0.5658917597843955,-0.5497712116514781,0.2231269988235053,0.7585387847191534,0.1507534127897385,1.0792776476906778,-0.831765574858813,0.1968307319176934,0.5287933895274699,-1.1482557343164566,-0.6816169632266371,0.0433908039550543,1.03099485623337,-0.5027093945162604,0.8889250455614218,-0.0617290819119212,-0.5880827047105909,-0.0921655525425867
42,40.0,0.7860795190077997,-0.5658917597843955,-0.5497712116514781,0.2231269988235053,0.7585387847191534,0.1507534127897385,1.0792776476906778,-0.831765574858813,0.1968307319176934,1.0143859236275947,-0.3188053171167502,-0.6816169632266371,0.0433908039550543,1.03099485623337,-0.5027093945162604,0.8889250455614218,1.5070811645875863,-0.5880827047105909,-0.0921655525425867
43,0.0,0.7860795190077997,-0.5658917597843955,-0.5497712116514781,0.2231269988235053,0.7585387847191534,0.1507534127897385,1.0792776476906778,-0.831765574858813,0.1968307319176934,-0.1160046600044726,-0.3377440754468185,-0.6816169632266371,0.0433908039550543,0.9496936405746385,-0.5027093945162604,0.8889250455614218,-0.3536809614633864,-0.5880827047105909,-0.0921655525425867
44,4.0,-1.0418844122229105,-0.5658917597843955,-0.5497712116514781,0.3850738649398101,-0.0892320381952652,-0.6611368874743295,-0.9338867994574804,-0.322046320454752,-0.2443524398483393,-1.0632291354613486,-0.9548414685938388,-0.3634476600149043,-2.040690251246836,-1.087699647379818,-0.5027093945162604,-1.116867108954793,-0.8596419478719819,-0.5880827047105909,-0.0921655525425867
45,6.0,0.3887804892759918,-0.5658917597843955,-0.5497712116514781,-0.9336738553015947,-0.9859635384273656,0.7426557552681239,-0.9338867994574804,-0.322046320454752,-0.1896540326191064,-1.0632291354613486,-0.9548414685938388,-0.7168032960279015,-1.060968297273443,-1.087699647379818,-0.7489663110430561,-1.116867108954793,-0.8596419478719819,-0.5880827047105909,-0.0921655525425867
46,3.0,-1.0418844122229105,-0.5658917597843955,-0.5497712116514781,-0.9336738553015947,-1.274584998405876,-0.6611368874743295,-0.9338867994574804,-0.9449815918253578,0.784682886172825,-1.0632291354613486,-0.9548414685938388,-0.3634476600149043,0.0433908039550543,-1.087699647379818,-0.5027093945162604,-1.116867108954793,-0.8596419478719819,-0.5880827047105909,-0.0921655525425867
47,3.0,-1.0418844122229105,-0.8217456550551733,-0.5497712116514781,-0.5363993247309046,-0.0892320381952652,-0.6611368874743295,-0.9338867994574804,-0.322046320454752,-1.1419109865402912,-1.0632291354613486,-0.9548414685938388,-0.3634476600149043,-2.2816519090613783,-1.087699647379818,-0.5027093945162604,-1.116867108954793,-0.8596419478719819,-0.5880827047105909,-0.3522682654085386
48,87.0,1.3643285487298782,1.4884671694337863,1.0836663572003455,1.1972629838508448,0.4379846921494772,1.327236178219779,-0.9338867994574804,0.826048200562686,1.2430690056464688,-1.0632291354613486,-0.9548414685938388,1.7715498449396323,1.1294414518807394,-1.087699647379818,2.121955838222906,-1.116867108954793,-0.8596419478719819,1.6959699970232571,-0.0921655525425867
49,76.0,1.3643285487298782,1.4884671694337863,1.0836663572003455,1.1972629838508448,0.4379846921494772,1.327236178219779,1.0792776476906778,0.826048200562686,1.2430690056464688,1.0143859236275947,1.170917160603126,1.7715498449396323,1.1294414518807394,0.9295606500100072,2.121955838222906,0.8889250455614218,1.8691072746829436,1.6959699970232571,-0.0921655525425867
50,93.0,1.3643285487298782,1.4884671694337863,1.0836663572003455,1.1972629838508448,0.4379846921494772,1.327236178219779,0.3810068651938893,0.826048200562686,1.2430690056464688,0.8088328444728345,1.170917160603126,1.7715498449396323,1.1294414518807394,0.7372147759914482,2.121955838222906,0.8889250455614218,0.078790666210544,1.6959699970232571,-0.0921655525425867
51,90.0,1.3643285487298782,1.4884671694337863,1.0836663572003455,1.1972629838508448,0.4379846921494772,1.327236178219779,1.0792776476906778,0.826048200562686,1.2430690056464688,1.0143859236275947,1.170917160603126,1.7715498449396323,1.1294414518807394,1.03099485623337,2.121955838222906,0.8889250455614218,1.8691072746829436,1.6959699970232571,-0.0921655525425867
52,91.0,1.3643285487298782,1.4884671694337863,1.0836663572003455,1.1972629838508448,0.4379846921494772,1.327236178219779,1.0792776476906778,0.826048200562686,1.2430690056464688,1.0143859236275947,1.170917160603126,1.7715498449396323,1.1294414518807394,-0.4204873228333132,2.121955838222906,0.8889250455614218,0.6092244334804953,1.6959699970232571,-0.0921655525425867
53,78.0,1.3643285487298782,1.4884671694337863,1.0836663572003455,1.1972629838508448,0.4379846921494772,1.327236178219779,1.0792776476906778,0.826048200562686,1.2430690056464688,1.0143859236275947,0.4427873733594923,1.7715498449396323,1.1294414518807394,1.03099485623337,2.121955838222906,0.8889250455614218,0.0189735545336326,1.6959699970232571,-0.0921655525425867
54,72.0,1.3643285487298782,1.4884671694337863,1.0836663572003455,1.1972629838508448,0.4379846921494772,1.327236178219779,1.0792776476906778,0.826048200562686,1.2430690056464688,1.0143859236275947,-0.9548414685938388,1.7715498449396323,1.1294414518807394,1.03099485623337,2.121955838222906,0.8889250455614218,-0.8596419478719819,1.6959699970232571,-0.0921655525425867
55,70.0,1.3643285487298782,1.4884671694337863,1.0836663572003455,1.1972629838508448,0.4379846921494772,1.327236178219779,1.0792776476906778,0.826048200562686,1.2430690056464688,1.0143859236275947,-0.9548414685938388,1.7715498449396323,1.1294414518807394,1.03099485623337,2.121955838222906,0.8889250455614218,-0.8596419478719819,1.6959699970232571,-0.0921655525425867
56,86.0,1.3643285487298782,1.4884671694337863,1.0836663572003455,1.1972629838508448,0.4379846921494772,1.327236178219779,1.0792776476906778,0.826048200562686,1.2430690056464688,-1.0632291354613486,-0.863359842307425,1.7715498449396323,1.1294414518807394,1.03099485623337,2.121955838222906,0.8889250455614218,-0.4234435979025504,1.6959699970232571,-0.0921655525425867
57,73.0,1.3643285487298782,1.4884671694337863,1.0836663572003455,1.1972629838508448,0.4379846921494772,1.327236178219779,1.0792776476906778,0.826048200562686,1.2430690056464688,-1.0632291354613486,0.5692158367629732,1.7715498449396323,1.1294414518807394,1.03099485623337,2.121955838222906,0.8889250455614218,-0.2273903784939084,1.6959699970232571,-0.0921655525425867
58,81.0,1.3643285487298782,1.4884671694337863,1.0836663572003455,1.1972629838508448,0.4379846921494772,1.327236178219779,1.0792776476906778,0.826048200562686,1.2430690056464688,1.0143859236275947,-0.541852501466416,1.7715498449396323,1.1294414518807394,1.03099485623337,2.121955838222906,0.8889250455614218,0.061932034967179,1.6959699970232571,-0.0921655525425867
59,91.0,1.3643285487298782,1.4884671694337863,1.0836663572003455,1.1972629838508448,0.4379846921494772,1.327236178219779,1.0792776476906778,0.826048200562686,1.2430690056464688,0.8451672084107738,-0.2229689869731416,1.7715498449396323,1.1294414518807394,1.03099485623337,2.121955838222906,0.8889250455614218,0.5908703897047733,1.6959699970232571,-0.0921655525425867
60,80.0,1.3643285487298782,1.4884671694337863,1.0836663572003455,1.1972629838508448,0.4379846921494772,1.327236178219779,-1.7030589097496769,0.826048200562686,1.2430690056464688,-1.281429390252064,-0.9366083661966164,1.7715498449396323,1.1294414518807394,-0.4365142739894774,2.121955838222906,0.8889250455614218,0.2337180603500145,1.6959699970232571,-0.0921655525425867
61,90.0,-0.5033054489944945,-0.5658917597843955,-0.5497712116514781,-0.9336738553015947,-0.9859635384273656,1.327236178219779,1.0792776476906778,-0.8513149143602735,-0.4599690566105175,1.0143859236275947,1.170917160603126,1.4036950791220897,-1.060968297273443,1.03099485623337,-0.9655859248475436,0.8889250455614218,1.8691072746829436,-0.5880827047105909,-0.5797798566563696
62,5.0,-0.7272733194775919,-0.5658917597843955,-0.5497712116514781,-0.9336738553015947,-1.087177872474836,1.327236178219779,1.0792776476906778,-0.6557166443881377,-0.3991788891362091,1.0143859236275947,1.170917160603126,-0.7974606051167995,-1.060968297273443,1.03099485623337,-1.0437088698673422,0.8889250455614218,1.8691072746829436,-0.5880827047105909,-0.0921655525425867
63,75.0,0.2169405390271253,-0.5658917597843955,-0.5497712116514781,-0.9422184046987166,-0.9859635384273656,-1.906878117596183,1.0792776476906778,-0.9939331627584296,-1.4979476806561818,1.0143859236275947,1.170917160603126,-0.4120219520591059,0.0433908039550543,1.03099485623337,-0.5027093945162604,0.8889250455614218,1.8691072746829436,-0.5880827047105909,-0.5797798566563696
64,39.0,-1.0418844122229105,-0.5658917597843955,-0.5497712116514781,-0.9336738553015947,-0.9859635384273656,-0.6611368874743295,0.3810068651938893,-0.8744195518853177,-0.911658139741277,0.8088328444728345,1.170917160603126,-0.7159993746132102,-1.745773402550476,0.7372147759914482,-0.5027093945162604,0.8889250455614218,0.078790666210544,-0.5880827047105909,-0.6723784468001298
65,64.0,-1.0418844122229105,-0.5658917597843955,-0.5497712116514781,-0.9336738553015947,-0.9859635384273656,-0.6611368874743295,0.3810068651938893,-0.322046320454752,-0.911658139741277,0.8088328444728345,1.170917160603126,-0.3634476600149043,-0.4341863809407499,0.7372147759914482,-0.5135549449654853,0.8889250455614218,0.078790666210544,-0.5880827047105909,-0.6723784468001298
66,69.0,-1.0418844122229105,-0.5658917597843955,-0.5497712116514781,-0.9336738553015947,-0.9859635384273656,-0.9808492557228304,0.3810068651938893,-0.322046320454752,-0.911658139741277,0.8088328444728345,1.170917160603126,-0.5228187506237836,-0.4341863809407499,0.7372147759914482,-0.5027093945162604,0.8889250455614218,0.078790666210544,-0.5880827047105909,-0.6723784468001298
67,47.0,-1.0418844122229105,-0.5658917597843955,-0.5497712116514781,-0.9336738553015947,-0.9859635384273656,-0.9808492557228304,0.3810068651938893,-0.4677274373391731,-1.87036497448651,0.8088328444728345,1.170917160603126,-0.5228187506237836,-0.4341863809407499,0.7372147759914482,-0.5027093945162604,0.8889250455614218,0.078790666210544,-0.5880827047105909,-0.6723784468001298
68,63.0,-1.0418844122229105,-0.5658917597843955,-0.5497712116514781,-0.9336738553015947,-0.9859635384273656,-0.9808492557228304,0.3810068651938893,-0.4419921554933226,-1.2645635210488064,0.8088328444728345,1.170917160603126,-0.6816169632266371,-0.4341863809407499,0.7372147759914482,-0.6346877806503628,0.8889250455614218,0.078790666210544,-0.5880827047105909,-0.6723784468001298
69,9.0,-1.0418844122229105,-0.5658917597843955,-0.6760856769862524,-0.9336738553015947,-0.9859635384273656,-0.6611368874743295,0.3810068651938893,-0.322046320454752,-0.911658139741277,0.8088328444728345,1.170917160603126,-0.5228187506237836,-1.6477658676758362,0.7372147759914482,-0.6961361644128137,0.8889250455614218,0.078790666210544,-0.7064338246032813,-0.6723784468001298
70,29.0,-1.0418844122229105,-0.5658917597843955,-0.5497712116514781,-0.9336738553015947,-0.9859635384273656,-1.1770902895040969,0.3810068651938893,-0.322046320454752,-1.2748268948777142,0.8088328444728345,1.170917160603126,-0.812141826961684,-0.4341863809407499,0.7372147759914482,-0.5027093945162604,0.8889250455614218,0.078790666210544,-0.5880827047105909,-0.6723784468001298
71,91.0,-1.0418844122229105,-0.5658917597843955,-0.5497712116514781,-0.9336738553015947,-0.9859635384273656,-0.9808492557228304,0.3810068651938893,-0.322046320454752,-0.911658139741277,0.8088328444728345,1.170917160603126,-0.5228187506237836,-0.4341863809407499,0.7372147759914482,-0.5027093945162604,0.8889250455614218,0.078790666210544,-0.5880827047105909,-0.6723784468001298
72,33.0,-1.0418844122229105,-0.5658917597843955,-0.5497712116514781,-0.9336738553015947,-0.9859635384273656,-0.9808492557228304,0.3810068651938893,-0.322046320454752,-0.911658139741277,0.8088328444728345,1.170917160603126,-0.5228187506237836,-0.4341863809407499,0.7372147759914482,-0.5027093945162604,0.8889250455614218,0.078790666210544,-0.5880827047105909,-0.6723784468001298
73,0.0,-1.0418844122229105,-0.5658917597843955,-0.5497712116514781,-0.9336738553015947,-0.9859635384273656,-0.9808492557228304,-0.9338867994574804,-0.322046320454752,-0.911658139741277,-1.0632291354613486,-0.9548414685938388,-0.5228187506237836,-0.4341863809407499,-1.087699647379818,-0.5027093945162604,-1.116867108954793,-0.8596419478719819,-0.5880827047105909,-0.6723784468001298
74,0.0,-1.0418844122229105,-0.5658917597843955,-0.5497712116514781,-0.9336738553015947,-0.9859635384273656,-0.9808492557228304,0.3810068651938893,-0.322046320454752,-0.911658139741277,0.8088328444728345,1.170917160603126,-0.5228187506237836,-0.4341863809407499,0.7372147759914482,-0.5027093945162604,0.8889250455614218,0.078790666210544,-0.5880827047105909,-0.6723784468001298
75,0.0,-1.0418844122229105,-0.5658917597843955,-0.5497712116514781,-0.9336738553015947,-0.9859635384273656,-0.9808492557228304,1.0792776476906778,-0.322046320454752,-0.911658139741277,0.8451672084107738,-0.2229689869731416,-0.5228187506237836,-0.4341863809407499,1.03099485623337,-0.5027093945162604,0.8889250455614218,0.5908703897047733,-0.5880827047105909,-0.6723784468001298
76,32.0,-1.0418844122229105,-0.5658917597843955,-0.5497712116514781,-0.9336738553015947,-0.9859635384273656,-0.9808492557228304,-0.9338867994574804,-0.322046320454752,-0.911658139741277,-1.0632291354613486,-0.9548414685938388,-0.5228187506237836,-0.4341863809407499,-1.087699647379818,-0.5027093945162604,-1.116867108954793,-0.8596419478719819,-0.5880827047105909,-0.6723784468001298
77,46.0,-1.0418844122229105,-0.5658917597843955,-0.5497712116514781,-0.9336738553015947,-0.9859635384273656,-0.9808492557228304,-0.9338867994574804,-0.322046320454752,-0.911658139741277,-1.0632291354613486,-0.9548414685938388,-0.5228187506237836,-0.4341863809407499,-1.087699647379818,-0.5027093945162604,-1.116867108954793,-0.8596419478719819,-0.5880827047105909,-0.6723784468001298
78,36.0,-1.0418844122229105,-0.5658917597843955,-0.5497712116514781,-0.9336738553015947,-0.9859635384273656,-0.9808492557228304,-0.9338867994574804,-0.4419921554933226,-1.2645635210488064,-1.0632291354613486,-0.9548414685938388,-0.6816169632266371,-0.4341863809407499,-1.087699647379818,-0.6346877806503628,-1.116867108954793,-0.8596419478719819,-0.5880827047105909,-0.6723784468001298
79,44.0,-1.0418844122229105,-0.5658917597843955,-0.5497712116514781,-0.9336738553015947,-0.9859635384273656,-0.9808492557228304,-0.9338867994574804,-0.4677274373391731,-1.87036497448651,-1.0632291354613486,-0.9548414685938388,-0.5228187506237836,-0.4341863809407499,-1.087699647379818,-0.5027093945162604,-1.116867108954793,-0.8596419478719819,-0.5880827047105909,-0.6723784468001298
80,11.0,-1.0418844122229105,-0.5658917597843955,-0.5497712116514781,-0.9336738553015947,-0.9859635384273656,-2.3074936862212083,-0.9338867994574804,-0.322046320454752,-0.911658139741277,-1.0632291354613486,-0.9548414685938388,-0.3634476600149043,-1.101913153530779,-1.087699647379818,-0.5027093945162604,-1.116867108954793,-0.8596419478719819,-0.5880827047105909,-0.6723784468001298
81,40.0,-1.0418844122229105,-0.5658917597843955,-0.5497712116514781,-0.9336738553015947,-0.9859635384273656,-0.9808492557228304,-0.9338867994574804,-0.322046320454752,-0.911658139741277,-1.0632291354613486,-0.9548414685938388,-0.6816169632266371,-0.4341863809407499,-1.087699647379818,-0.5027093945162604,-1.116867108954793,-0.8596419478719819,-0.5880827047105909,-0.6223974368219604
82,21.0,-1.0418844122229105,-0.5658917597843955,-0.5497712116514781,-0.9336738553015947,-0.9859635384273656,-0.9808492557228304,-0.9338867994574804,-0.322046320454752,-1.2748268948777142,-1.0632291354613486,-0.9548414685938388,-0.812141826961684,-0.7327662819849274,-1.087699647379818,-0.5027093945162604,-1.116867108954793,-0.8596419478719819,-0.5880827047105909,-0.6723784468001298
83,8.0,-1.0418844122229105,-0.5658917597843955,-0.5497712116514781,-0.9336738553015947,-0.9859635384273656,-1.1770902895040969,-0.9338867994574804,-0.322046320454752,-1.2748268948777142,-1.0632291354613486,-0.9548414685938388,-0.812141826961684,-0.4341863809407499,-1.087699647379818,-0.5027093945162604,-1.116867108954793,-0.8596419478719819,-0.5880827047105909,-0.6723784468001298
84,17.0,-1.0418844122229105,-0.5658917597843955,-0.6760856769862524,-0.9336738553015947,-0.9859635384273656,-0.6611368874743295,-0.9338867994574804,-0.322046320454752,-0.911658139741277,-1.0632291354613486,-0.9548414685938388,-0.5228187506237836,-0.4341863809407499,-1.087699647379818,-0.6961361644128137,-1.116867108954793,-0.8596419478719819,-0.5880827047105909,-0.6723784468001298
85,37.0,-1.0418844122229105,-0.5658917597843955,-0.5497712116514781,-0.9336738553015947,-0.9859635384273656,-0.6611368874743295,-0.9338867994574804,-0.8744195518853177,-0.911658139741277,-1.0632291354613486,-0.9548414685938388,-0.7159993746132102,-1.745773402550476,-1.087699647379818,-0.5027093945162604,-1.116867108954793,-0.8596419478719819,-0.5880827047105909,-0.6723784468001298
86,21.0,-1.0418844122229105,-0.5658917597843955,-0.5497712116514781,-0.9336738553015947,-0.9859635384273656,-0.6611368874743295,-0.9338867994574804,-0.322046320454752,-0.911658139741277,-1.0632291354613486,-0.9548414685938388,-0.3634476600149043,-0.4341863809407499,-1.087699647379818,-0.5135549449654853,-1.116867108954793,-0.8596419478719819,-0.5880827047105909,-0.6723784468001298
87,21.0,-1.0418844122229105,-0.5658917597843955,-0.5497712116514781,-0.9336738553015947,-0.9859635384273656,-0.9808492557228304,-0.9338867994574804,-0.322046320454752,-0.911658139741277,-1.0632291354613486,-0.9548414685938388,-0.5228187506237836,-0.4341863809407499,-1.087699647379818,-0.5027093945162604,-1.116867108954793,-0.8596419478719819,-0.5880827047105909,-0.6723784468001298
88,7.0,-1.0418844122229105,-0.5658917597843955,-0.5497712116514781,-0.9336738553015947,-0.9859635384273656,-0.9808492557228304,-0.9338867994574804,-0.322046320454752,-0.911658139741277,-1.0632291354613486,-0.9548414685938388,-0.5228187506237836,-0.4341863809407499,-1.087699647379818,-0.5027093945162604,-1.116867108954793,-0.8596419478719819,-0.5880827047105909,-0.6723784468001298
89,0.0,-1.0418844122229105,-0.5658917597843955,-0.5497712116514781,-0.9336738553015947,-0.9859635384273656,-0.9808492557228304,-0.9338867994574804,-0.322046320454752,-0.911658139741277,-1.0632291354613486,-0.9548414685938388,-0.5228187506237836,-0.4341863809407499,-1.087699647379818,-0.5027093945162604,-1.116867108954793,-0.8596419478719819,-0.5880827047105909,-0.6723784468001298
90,2.0,-1.0418844122229105,-0.5658917597843955,-0.5497712116514781,-0.9336738553015947,-0.9859635384273656,-0.9808492557228304,-0.9338867994574804,-0.322046320454752,-0.911658139741277,-1.0632291354613486,-0.9548414685938388,-0.5228187506237836,-0.4341863809407499,-1.087699647379818,-0.5027093945162604,-1.116867108954793,-0.8596419478719819,-0.5880827047105909,-0.6723784468001298
91,14.0,-0.9340130592012124,0.0609726644355525,0.3074606909033974,0.3577335558025841,1.4877440856761912,1.4540299363832236,-0.9338867994574804,-0.7029078998560138,2.8602479260301905,-1.0632291354613486,-0.9548414685938388,0.019567341573528,1.2059366196995691,-1.087699647379818,-0.3505214913291628,-1.116867108954793,-0.8596419478719819,1.6959699970232571,-0.7611585691940663
92,86.0,-1.0418844122229105,-0.5658917597843955,-0.5497712116514781,-0.9336738553015947,-0.9859635384273656,-0.9808492557228304,-0.9338867994574804,-0.322046320454752,-0.911658139741277,-1.0632291354613486,-0.9548414685938388,-0.5228187506237836,-0.4341863809407499,-1.087699647379818,-0.5027093945162604,-1.116867108954793,-0.8596419478719819,-0.5880827047105909,-0.6723784468001298
93,67.0,-1.0418844122229105,-0.5658917597843955,-0.5497712116514781,-0.9336738553015947,-0.9859635384273656,-0.9808492557228304,1.0792776476906778,-0.322046320454752,-0.911658139741277,1.0143859236275947,1.170917160603126,-0.5228187506237836,-0.4341863809407499,1.03099485623337,-0.5027093945162604,0.8889250455614218,1.8691072746829436,-0.5880827047105909,-0.6723784468001298
94,69.0,-1.0418844122229105,-0.5658917597843955,-0.5497712116514781,-0.9336738553015947,-0.9859635384273656,-0.9808492557228304,0.3810068651938893,-0.322046320454752,-0.911658139741277,0.8088328444728345,1.170917160603126,-0.5228187506237836,-0.4341863809407499,0.7372147759914482,-0.5027093945162604,0.8889250455614218,0.078790666210544,-0.5880827047105909,-0.6723784468001298
95,88.0,-1.0418844122229105,-0.5658917597843955,-0.5497712116514781,-0.9336738553015947,-0.9859635384273656,-0.9808492557228304,1.0792776476906778,-0.322046320454752,-0.911658139741277,1.0143859236275947,1.170917160603126,-0.5228187506237836,-0.4341863809407499,-0.4204873228333132,-0.5027093945162604,0.8889250455614218,0.6092244334804953,-0.5880827047105909,-0.6723784468001298
96,80.0,-1.0418844122229105,-0.5658917597843955,-0.5497712116514781,-0.9336738553015947,-0.9859635384273656,-0.9808492557228304,1.0792776476906778,-0.322046320454752,-0.911658139741277,1.0143859236275947,1.170917160603126,-0.5228187506237836,-0.4341863809407499,1.03099485623337,-0.5027093945162604,0.8889250455614218,1.8691072746829436,-0.5880827047105909,-0.6723784468001298
97,84.0,-1.0418844122229105,-0.5658917597843955,-0.5497712116514781,-0.9336738553015947,-0.9859635384273656,-0.9808492557228304,1.0792776476906778,-0.322046320454752,-0.911658139741277,1.0143859236275947,1.170917160603126,-0.5228187506237836,-0.4341863809407499,1.03099485623337,-0.5027093945162604,0.8889250455614218,1.8691072746829436,-0.5880827047105909,-0.6723784468001298
98,79.0,-1.0418844122229105,-0.5658917597843955,-0.5497712116514781,-0.9336738553015947,-0.9859635384273656,-0.9808492557228304,1.0792776476906778,-0.322046320454752,-0.911658139741277,1.0143859236275947,-0.9548414685938388,-0.5228187506237836,-0.4341863809407499,1.03099485623337,-0.5027093945162604,0.8889250455614218,-0.8596419478719819,-0.5880827047105909,-0.6723784468001298
99,82.0,-1.0418844122229105,-0.5658917597843955,-0.5497712116514781,-0.9336738553015947,-0.9859635384273656,-0.9808492557228304,1.0792776476906778,-0.322046320454752,-0.911658139741277,1.0143859236275947,-0.9548414685938388,-0.5228187506237836,-0.4341863809407499,1.03099485623337,-0.5027093945162604,0.8889250455614218,-0.8596419478719819,-0.5880827047105909,-0.6723784468001298
100,90.0,-1.0418844122229105,-0.5658917597843955,-0.5497712116514781,-0.9336738553015947,-0.9859635384273656,-0.9808492557228304,1.0792776476906778,-0.322046320454752,-0.911658139741277,1.0143859236275947,0.1496253699430998,-0.5228187506237836,-0.4341863809407499,1.03099485623337,-0.5027093945162604,0.8889250455614218,1.5306138316293283,-0.5880827047105909,-0.6723784468001298
101,65.0,-1.0418844122229105,-0.5658917597843955,-0.5497712116514781,-0.9336738553015947,-0.9859635384273656,-0.9808492557228304,1.0792776476906778,-0.322046320454752,-0.911658139741277,-0.1299711230812173,1.170917160603126,-0.5228187506237836,-0.4341863809407499,1.03099485623337,-0.5027093945162604,0.8889250455614218,1.1422877415815544,-0.5880827047105909,-0.6723784468001298
102,80.0,-1.0418844122229105,-0.5658917597843955,-0.5497712116514781,-0.9336738553015947,-0.9859635384273656,-0.9808492557228304,-1.4504967169130871,-0.322046320454752,-0.911658139741277,1.0143859236275947,0.6089521894915767,-0.5228187506237836,-0.4341863809407499,1.03099485623337,-0.5027093945162604,0.8889250455614218,0.078790666210544,-0.5880827047105909,-0.6723784468001298
103,76.0,-1.0418844122229105,-0.5658917597843955,-0.5497712116514781,-0.9336738553015947,-0.9859635384273656,-0.9808492557228304,1.0792776476906778,-0.322046320454752,-0.911658139741277,0.8451672084107738,-0.2229689869731416,-0.5228187506237836,-0.4341863809407499,1.03099485623337,-0.5027093945162604,0.8889250455614218,0.5908703897047733,-0.5880827047105909,-0.6723784468001298
104,89.0,-1.0418844122229105,-0.5658917597843955,-0.5497712116514781,-0.9336738553015947,-0.9859635384273656,-0.9808492557228304,1.0792776476906778,-0.322046320454752,-0.911658139741277,1.0143859236275947,1.170917160603126,-0.5228187506237836,-0.4341863809407499,1.03099485623337,-0.5027093945162604,0.8889250455614218,1.0387604694894224,-0.5880827047105909,-0.6723784468001298
105,94.0,-1.0418844122229105,-0.5658917597843955,-0.5497712116514781,-0.9336738553015947,-0.9859635384273656,-0.9808492557228304,-0.9338867994574804,-0.322046320454752,-0.911658139741277,-1.0632291354613486,-0.9548414685938388,-0.5228187506237836,-0.4341863809407499,-1.087699647379818,-0.5027093945162604,-1.116867108954793,-0.8596419478719819,-0.5880827047105909,-0.6723784468001298
106,99.0,0.9699222184553123,1.9900695868172056,2.262523155176749,1.6396857481551657,1.6540189401822167,1.327236178219779,-1.7030589097496769,2.3802028757392266,1.1742199773229067,-1.281429390252064,-0.9366083661966164,1.6459168631125172,1.2059366196995691,-0.4365142739894774,1.1570442647598602,0.8889250455614218,0.2337180603500145,1.6959699970232571,2.6334135163187677
107,80.0,0.9699222184553123,1.9900695868172056,2.262523155176749,1.6396857481551657,1.6540189401822167,1.327236178219779,1.0792776476906778,2.3802028757392266,1.1742199773229067,1.0143859236275947,1.170917160603126,1.6459168631125172,1.2059366196995691,-0.4204873228333132,1.1570442647598602,0.8889250455614218,0.6092244334804953,1.6959699970232571,2.6334135163187677
108,97.0,0.9699222184553123,1.9900695868172056,2.262523155176749,1.6396857481551657,1.6540189401822167,1.327236178219779,1.0792776476906778,2.3802028757392266,1.1742199773229067,1.0143859236275947,1.170917160603126,1.6459168631125172,1.2059366196995691,1.03099485623337,1.1570442647598602,0.8889250455614218,1.8691072746829436,1.6959699970232571,2.6334135163187677
109,98.0,0.9699222184553123,1.9900695868172056,2.262523155176749,1.6396857481551657,1.6540189401822167,1.327236178219779,1.0792776476906778,2.3802028757392266,1.1742199773229067,1.0143859236275947,1.170917160603126,1.6459168631125172,1.2059366196995691,1.03099485623337,1.1570442647598602,0.8889250455614218,1.8691072746829436,1.6959699970232571,2.6334135163187677
110,99.0,0.9699222184553123,1.9900695868172056,2.262523155176749,1.6396857481551657,1.6540189401822167,1.327236178219779,1.0792776476906778,2.3802028757392266,1.1742199773229067,-0.1299711230812173,1.170917160603126,1.6459168631125172,1.2059366196995691,1.03099485623337,1.1570442647598602,0.8889250455614218,1.1422877415815544,1.6959699970232571,2.6334135163187677
111,75.0,0.9699222184553123,1.9900695868172056,2.262523155176749,1.6396857481551657,1.6540189401822167,1.327236178219779,1.0792776476906778,2.3802028757392266,1.1742199773229067,1.0143859236275947,1.170917160603126,1.6459168631125172,1.2059366196995691,1.03099485623337,1.1570442647598602,0.8889250455614218,1.8691072746829436,1.6959699970232571,2.6334135163187677
112,95.0,0.9699222184553123,1.9900695868172056,2.262523155176749,1.6396857481551657,1.6540189401822167,1.327236178219779,0.3810068651938893,2.3802028757392266,1.1742199773229067,0.8088328444728345,1.170917160603126,1.6459168631125172,1.2059366196995691,0.7372147759914482,1.1570442647598602,0.8889250455614218,0.078790666210544,1.6959699970232571,2.6334135163187677
113,95.0,0.9699222184553123,1.9900695868172056,2.262523155176749,1.6396857481551657,1.6540189401822167,1.327236178219779,1.0792776476906778,2.3802028757392266,1.1742199773229067,1.0143859236275947,1.170917160603126,1.6459168631125172,1.2059366196995691,1.03099485623337,1.1570442647598602,0.8889250455614218,1.8691072746829436,1.6959699970232571,2.6334135163187677
114,81.0,0.9699222184553123,1.9900695868172056,2.262523155176749,1.6396857481551657,1.6540189401822167,1.327236178219779,1.0792776476906778,2.3802028757392266,1.1742199773229067,1.0143859236275947,1.170917160603126,1.6459168631125172,1.2059366196995691,1.03099485623337,1.1570442647598602,0.8889250455614218,1.8691072746829436,1.6959699970232571,2.6334135163187677
115,95.0,0.9699222184553123,1.9900695868172056,2.262523155176749,1.6396857481551657,1.6540189401822167,1.327236178219779,1.0792776476906778,2.3802028757392266,1.1742199773229067,1.0143859236275947,1.170917160603126,1.6459168631125172,1.2059366196995691,1.03099485623337,1.1570442647598602,-1.4808883869660288,1.8691072746829436,1.6959699970232571,2.6334135163187677
116,89.0,0.9699222184553123,1.9900695868172056,2.262523155176749,1.6396857481551657,1.6540189401822167,1.327236178219779,1.0792776476906778,2.3802028757392266,1.1742199773229067,0.8451672084107738,-0.9548414685938388,1.6459168631125172,1.2059366196995691,1.03099485623337,1.1570442647598602,0.8889250455614218,-0.8596419478719819,1.6959699970232571,2.6334135163187677
117,99.0,0.9699222184553123,1.9900695868172056,2.262523155176749,1.6396857481551657,1.6540189401822167,1.327236178219779,1.0792776476906778,2.3802028757392266,1.1742199773229067,1.0143859236275947,1.170917160603126,1.6459168631125172,1.2059366196995691,0.8301368494942599,1.1570442647598602,0.8889250455614218,-0.8522678405662205,1.6959699970232571,2.6334135163187677
118,83.0,0.9699222184553123,1.9900695868172056,2.262523155176749,1.6396857481551657,1.6540189401822167,1.327236178219779,1.0792776476906778,2.3802028757392266,1.1742199773229067,-1.6019828953918391,1.170917160603126,1.6459168631125172,1.2059366196995691,1.03099485623337,1.1570442647598602,0.8889250455614218,-0.0949457683572946,1.6959699970232571,2.6334135163187677
119,99.0,0.9699222184553123,1.9900695868172056,2.262523155176749,1.6396857481551657,1.6540189401822167,1.327236178219779,-0.9338867994574804,2.3802028757392266,1.1742199773229067,-1.0632291354613486,-0.9548414685938388,1.6459168631125172,1.2059366196995691,-1.087699647379818,1.1570442647598602,-1.116867108954793,-0.8596419478719819,1.6959699970232571,2.6334135163187677
